{
  "anchors": [
    4.12,
    5.03,
    2.62,
    3.31,
    1.88,
    2.41,
    2.31,
    2.84,
    3.25,
    4.06
  ],
  "inputs": {
    "input0": [
      224,
      224,
      3
    ]
  },
  "outputs": {
    "output0": [
      7,
      7,
      40
    ]
  },
  "params_quantity": 1863736,
  "loss": [
    [
      1,
      0.60599
    ],
    [
      2,
      0.23763
    ],
    [
      3,
      0.2617
    ],
    [
      4,
      0.27443
    ],
    [
      5,
      0.37073
    ],
    [
      6,
      0.55487
    ],
    [
      7,
      0.06786
    ],
    [
      8,
      0.04308
    ],
    [
      9,
      0.03841
    ],
    [
      10,
      0.03305
    ],
    [
      11,
      0.02965
    ],
    [
      12,
      0.02799
    ],
    [
      13,
      0.02742
    ],
    [
      14,
      0.02476
    ],
    [
      15,
      0.02213
    ],
    [
      16,
      0.02105
    ],
    [
      17,
      0.02012
    ],
    [
      18,
      0.0178
    ],
    [
      19,
      0.01977
    ],
    [
      20,
      0.01633
    ],
    [
      21,
      0.01819
    ],
    [
      22,
      0.01503
    ],
    [
      23,
      0.01544
    ],
    [
      24,
      0.01444
    ],
    [
      25,
      0.01795
    ],
    [
      26,
      0.01501
    ],
    [
      27,
      0.01384
    ],
    [
      28,
      0.01253
    ],
    [
      29,
      0.01411
    ],
    [
      30,
      0.01202
    ],
    [
      31,
      0.01158
    ],
    [
      32,
      0.01284
    ],
    [
      33,
      0.01036
    ],
    [
      34,
      0.0105
    ],
    [
      35,
      0.01108
    ],
    [
      36,
      0.00934
    ],
    [
      37,
      0.00864
    ],
    [
      38,
      0.00934
    ],
    [
      39,
      0.00844
    ],
    [
      40,
      0.00839
    ],
    [
      41,
      0.00816
    ],
    [
      42,
      0.00801
    ],
    [
      43,
      0.00885
    ],
    [
      44,
      0.00835
    ],
    [
      45,
      0.00696
    ],
    [
      46,
      0.00708
    ],
    [
      47,
      0.00707
    ],
    [
      48,
      0.00674
    ],
    [
      49,
      0.00728
    ],
    [
      50,
      0.00853
    ],
    [
      51,
      0.00728
    ],
    [
      52,
      0.00689
    ],
    [
      53,
      0.00664
    ],
    [
      54,
      0.0065
    ],
    [
      55,
      0.00701
    ],
    [
      56,
      0.00683
    ],
    [
      57,
      0.00739
    ],
    [
      58,
      0.00696
    ],
    [
      59,
      0.00808
    ],
    [
      60,
      0.00699
    ],
    [
      61,
      0.00571
    ],
    [
      62,
      0.00575
    ],
    [
      63,
      0.00641
    ],
    [
      64,
      0.00674
    ],
    [
      65,
      0.00579
    ],
    [
      66,
      0.00506
    ],
    [
      67,
      0.00578
    ],
    [
      68,
      0.00533
    ],
    [
      69,
      0.00503
    ],
    [
      70,
      0.00503
    ],
    [
      71,
      0.00453
    ],
    [
      72,
      0.00427
    ],
    [
      73,
      0.00505
    ],
    [
      74,
      0.00567
    ],
    [
      75,
      0.00753
    ],
    [
      76,
      0.01556
    ],
    [
      77,
      0.01157
    ],
    [
      78,
      0.00864
    ],
    [
      79,
      0.00577
    ],
    [
      80,
      0.00463
    ],
    [
      81,
      0.00449
    ],
    [
      82,
      0.00397
    ],
    [
      83,
      0.00385
    ],
    [
      84,
      0.00358
    ],
    [
      85,
      0.00335
    ],
    [
      86,
      0.00358
    ],
    [
      87,
      0.00338
    ],
    [
      88,
      0.00338
    ],
    [
      89,
      0.00311
    ],
    [
      90,
      0.00325
    ],
    [
      91,
      0.00395
    ],
    [
      92,
      0.00361
    ],
    [
      93,
      0.00314
    ],
    [
      94,
      0.00315
    ],
    [
      95,
      0.00302
    ],
    [
      96,
      0.00264
    ],
    [
      97,
      0.00382
    ],
    [
      98,
      0.00312
    ],
    [
      99,
      0.00308
    ],
    [
      100,
      0.00279
    ],
    [
      101,
      0.00283
    ],
    [
      102,
      0.00287
    ],
    [
      103,
      0.00606
    ],
    [
      104,
      0.00533
    ],
    [
      105,
      0.00368
    ],
    [
      106,
      0.00282
    ],
    [
      107,
      0.00273
    ],
    [
      108,
      0.00258
    ],
    [
      109,
      0.00228
    ],
    [
      110,
      0.00227
    ],
    [
      111,
      0.00207
    ],
    [
      112,
      0.00217
    ],
    [
      113,
      0.00209
    ],
    [
      114,
      0.00236
    ],
    [
      115,
      0.00237
    ],
    [
      116,
      0.00255
    ],
    [
      117,
      0.00224
    ],
    [
      118,
      0.00234
    ],
    [
      119,
      0.00217
    ],
    [
      120,
      0.00225
    ],
    [
      121,
      0.00236
    ],
    [
      122,
      0.00253
    ],
    [
      123,
      0.00239
    ],
    [
      124,
      0.00306
    ],
    [
      125,
      0.00233
    ],
    [
      126,
      0.00215
    ],
    [
      127,
      0.00219
    ],
    [
      128,
      0.0019
    ],
    [
      129,
      0.00191
    ],
    [
      130,
      0.00181
    ],
    [
      131,
      0.00178
    ],
    [
      132,
      0.00179
    ],
    [
      133,
      0.00184
    ],
    [
      134,
      0.00176
    ],
    [
      135,
      0.00188
    ],
    [
      136,
      0.00166
    ],
    [
      137,
      0.00149
    ],
    [
      138,
      0.00142
    ],
    [
      139,
      0.00136
    ],
    [
      140,
      0.00136
    ],
    [
      141,
      0.00151
    ],
    [
      142,
      0.00165
    ],
    [
      143,
      0.00169
    ],
    [
      144,
      0.00173
    ],
    [
      145,
      0.00169
    ],
    [
      146,
      0.00149
    ],
    [
      147,
      0.0016
    ],
    [
      148,
      0.00138
    ],
    [
      149,
      0.00133
    ],
    [
      150,
      0.00129
    ],
    [
      151,
      0.00129
    ],
    [
      152,
      0.00126
    ],
    [
      153,
      0.00114
    ],
    [
      154,
      0.00125
    ],
    [
      155,
      0.00127
    ],
    [
      156,
      0.00128
    ],
    [
      157,
      0.0013
    ],
    [
      158,
      0.00118
    ],
    [
      159,
      0.00098
    ],
    [
      160,
      0.00118
    ],
    [
      161,
      0.00108
    ],
    [
      162,
      0.00104
    ],
    [
      163,
      0.00099
    ],
    [
      164,
      0.00107
    ],
    [
      165,
      0.00101
    ],
    [
      166,
      0.00094
    ],
    [
      167,
      0.00096
    ],
    [
      168,
      0.00105
    ],
    [
      169,
      0.0011
    ],
    [
      170,
      0.00112
    ],
    [
      171,
      0.0011
    ],
    [
      172,
      0.00103
    ],
    [
      173,
      0.00107
    ],
    [
      174,
      0.00107
    ],
    [
      175,
      0.00132
    ],
    [
      176,
      0.00583
    ],
    [
      177,
      0.00461
    ],
    [
      178,
      0.00261
    ],
    [
      179,
      0.00147
    ],
    [
      180,
      0.00107
    ],
    [
      181,
      0.00099
    ],
    [
      182,
      0.0008
    ],
    [
      183,
      0.00076
    ],
    [
      184,
      0.00067
    ],
    [
      185,
      0.00074
    ],
    [
      186,
      0.00067
    ],
    [
      187,
      0.00061
    ],
    [
      188,
      0.00061
    ],
    [
      189,
      0.0006
    ],
    [
      190,
      0.00062
    ],
    [
      191,
      0.00059
    ],
    [
      192,
      0.00058
    ],
    [
      193,
      0.00054
    ],
    [
      194,
      0.00055
    ],
    [
      195,
      0.0006
    ],
    [
      196,
      0.00061
    ],
    [
      197,
      0.00062
    ],
    [
      198,
      0.00058
    ],
    [
      199,
      0.00056
    ],
    [
      200,
      0.00058
    ]
  ],
  "acc": [
    [
      1,
      0.35587
    ],
    [
      2,
      0.48316
    ],
    [
      3,
      0.51476
    ],
    [
      4,
      0.52489
    ],
    [
      5,
      0.53064
    ],
    [
      6,
      0.50595
    ],
    [
      7,
      0.49831
    ],
    [
      8,
      0.50307
    ],
    [
      9,
      0.50111
    ],
    [
      10,
      0.50105
    ],
    [
      11,
      0.4977
    ],
    [
      12,
      0.49748
    ],
    [
      13,
      0.49787
    ],
    [
      14,
      0.49905
    ],
    [
      15,
      0.50059
    ],
    [
      16,
      0.50055
    ],
    [
      17,
      0.50177
    ],
    [
      18,
      0.50269
    ],
    [
      19,
      0.50209
    ],
    [
      20,
      0.50345
    ],
    [
      21,
      0.50496
    ],
    [
      22,
      0.50359
    ],
    [
      23,
      0.5054
    ],
    [
      24,
      0.50513
    ],
    [
      25,
      0.50329
    ],
    [
      26,
      0.50321
    ],
    [
      27,
      0.50266
    ],
    [
      28,
      0.5019
    ],
    [
      29,
      0.5007
    ],
    [
      30,
      0.50202
    ],
    [
      31,
      0.50172
    ],
    [
      32,
      0.49931
    ],
    [
      33,
      0.49773
    ],
    [
      34,
      0.49601
    ],
    [
      35,
      0.49584
    ],
    [
      36,
      0.49325
    ],
    [
      37,
      0.49152
    ],
    [
      38,
      0.4936
    ],
    [
      39,
      0.49428
    ],
    [
      40,
      0.49253
    ],
    [
      41,
      0.49115
    ],
    [
      42,
      0.49202
    ],
    [
      43,
      0.4896
    ],
    [
      44,
      0.49156
    ],
    [
      45,
      0.49252
    ],
    [
      46,
      0.4893
    ],
    [
      47,
      0.48896
    ],
    [
      48,
      0.48787
    ],
    [
      49,
      0.49112
    ],
    [
      50,
      0.48973
    ],
    [
      51,
      0.48739
    ],
    [
      52,
      0.48834
    ],
    [
      53,
      0.48656
    ],
    [
      54,
      0.48634
    ],
    [
      55,
      0.48456
    ],
    [
      56,
      0.48578
    ],
    [
      57,
      0.48193
    ],
    [
      58,
      0.48393
    ],
    [
      59,
      0.48078
    ],
    [
      60,
      0.48025
    ],
    [
      61,
      0.48147
    ],
    [
      62,
      0.48099
    ],
    [
      63,
      0.47943
    ],
    [
      64,
      0.47297
    ],
    [
      65,
      0.47107
    ],
    [
      66,
      0.4727
    ],
    [
      67,
      0.47321
    ],
    [
      68,
      0.47072
    ],
    [
      69,
      0.47063
    ],
    [
      70,
      0.47155
    ],
    [
      71,
      0.4737
    ],
    [
      72,
      0.4705
    ],
    [
      73,
      0.46873
    ],
    [
      74,
      0.46932
    ],
    [
      75,
      0.46785
    ],
    [
      76,
      0.46901
    ],
    [
      77,
      0.47137
    ],
    [
      78,
      0.47407
    ],
    [
      79,
      0.47364
    ],
    [
      80,
      0.47098
    ],
    [
      81,
      0.4693
    ],
    [
      82,
      0.46937
    ],
    [
      83,
      0.47108
    ],
    [
      84,
      0.47077
    ],
    [
      85,
      0.47305
    ],
    [
      86,
      0.47413
    ],
    [
      87,
      0.47347
    ],
    [
      88,
      0.47389
    ],
    [
      89,
      0.4707
    ],
    [
      90,
      0.46798
    ],
    [
      91,
      0.46938
    ],
    [
      92,
      0.46611
    ],
    [
      93,
      0.46752
    ],
    [
      94,
      0.47023
    ],
    [
      95,
      0.47113
    ],
    [
      96,
      0.46918
    ],
    [
      97,
      0.46965
    ],
    [
      98,
      0.46807
    ],
    [
      99,
      0.46678
    ],
    [
      100,
      0.46533
    ],
    [
      101,
      0.46592
    ],
    [
      102,
      0.46463
    ],
    [
      103,
      0.4692
    ],
    [
      104,
      0.46756
    ],
    [
      105,
      0.46679
    ],
    [
      106,
      0.46532
    ],
    [
      107,
      0.46429
    ],
    [
      108,
      0.46506
    ],
    [
      109,
      0.46416
    ],
    [
      110,
      0.46299
    ],
    [
      111,
      0.46383
    ],
    [
      112,
      0.4619
    ],
    [
      113,
      0.4603
    ],
    [
      114,
      0.45971
    ],
    [
      115,
      0.46114
    ],
    [
      116,
      0.46025
    ],
    [
      117,
      0.45877
    ],
    [
      118,
      0.45905
    ],
    [
      119,
      0.45788
    ],
    [
      120,
      0.45776
    ],
    [
      121,
      0.45931
    ],
    [
      122,
      0.46102
    ],
    [
      123,
      0.46197
    ],
    [
      124,
      0.4598
    ],
    [
      125,
      0.45831
    ],
    [
      126,
      0.45874
    ],
    [
      127,
      0.45908
    ],
    [
      128,
      0.45974
    ],
    [
      129,
      0.45976
    ],
    [
      130,
      0.45835
    ],
    [
      131,
      0.45759
    ],
    [
      132,
      0.46057
    ],
    [
      133,
      0.46187
    ],
    [
      134,
      0.46137
    ],
    [
      135,
      0.46143
    ],
    [
      136,
      0.45692
    ],
    [
      137,
      0.45569
    ],
    [
      138,
      0.45669
    ],
    [
      139,
      0.45433
    ],
    [
      140,
      0.4528
    ],
    [
      141,
      0.45005
    ],
    [
      142,
      0.44989
    ],
    [
      143,
      0.4524
    ],
    [
      144,
      0.45563
    ],
    [
      145,
      0.45482
    ],
    [
      146,
      0.45627
    ],
    [
      147,
      0.4561
    ],
    [
      148,
      0.45539
    ],
    [
      149,
      0.45295
    ],
    [
      150,
      0.45512
    ],
    [
      151,
      0.45494
    ],
    [
      152,
      0.45254
    ],
    [
      153,
      0.45257
    ],
    [
      154,
      0.45194
    ],
    [
      155,
      0.45247
    ],
    [
      156,
      0.45215
    ],
    [
      157,
      0.45096
    ],
    [
      158,
      0.45107
    ],
    [
      159,
      0.4493
    ],
    [
      160,
      0.44948
    ],
    [
      161,
      0.44984
    ],
    [
      162,
      0.45386
    ],
    [
      163,
      0.45456
    ],
    [
      164,
      0.45231
    ],
    [
      165,
      0.45328
    ],
    [
      166,
      0.45415
    ],
    [
      167,
      0.45367
    ],
    [
      168,
      0.45431
    ],
    [
      169,
      0.45062
    ],
    [
      170,
      0.4506
    ],
    [
      171,
      0.4517
    ],
    [
      172,
      0.45149
    ],
    [
      173,
      0.45096
    ],
    [
      174,
      0.4501
    ],
    [
      175,
      0.4499
    ],
    [
      176,
      0.45137
    ],
    [
      177,
      0.4369
    ],
    [
      178,
      0.44271
    ],
    [
      179,
      0.4417
    ],
    [
      180,
      0.44352
    ],
    [
      181,
      0.44479
    ],
    [
      182,
      0.44343
    ],
    [
      183,
      0.44425
    ],
    [
      184,
      0.44313
    ],
    [
      185,
      0.44246
    ],
    [
      186,
      0.44072
    ],
    [
      187,
      0.4419
    ],
    [
      188,
      0.44145
    ],
    [
      189,
      0.44028
    ],
    [
      190,
      0.44122
    ],
    [
      191,
      0.44085
    ],
    [
      192,
      0.44046
    ],
    [
      193,
      0.44158
    ],
    [
      194,
      0.4418
    ],
    [
      195,
      0.44249
    ],
    [
      196,
      0.44151
    ],
    [
      197,
      0.44236
    ],
    [
      198,
      0.44131
    ],
    [
      199,
      0.44075
    ],
    [
      200,
      0.44099
    ]
  ],
  "lr": [
    [
      1,
      0.001
    ],
    [
      2,
      0.00099
    ],
    [
      3,
      0.00098
    ],
    [
      4,
      0.00097
    ],
    [
      5,
      0.00095
    ],
    [
      6,
      0.00094
    ],
    [
      7,
      0.00093
    ],
    [
      8,
      0.00092
    ],
    [
      9,
      0.00091
    ],
    [
      10,
      0.0009
    ],
    [
      11,
      0.00089
    ],
    [
      12,
      0.00088
    ],
    [
      13,
      0.00087
    ],
    [
      14,
      0.00086
    ],
    [
      15,
      0.00085
    ],
    [
      16,
      0.00084
    ],
    [
      17,
      0.00083
    ],
    [
      18,
      0.00082
    ],
    [
      19,
      0.00081
    ],
    [
      20,
      0.0008
    ],
    [
      21,
      0.00079
    ],
    [
      22,
      0.00079
    ],
    [
      23,
      0.00078
    ],
    [
      24,
      0.00077
    ],
    [
      25,
      0.00076
    ],
    [
      26,
      0.00075
    ],
    [
      27,
      0.00074
    ],
    [
      28,
      0.00073
    ],
    [
      29,
      0.00072
    ],
    [
      30,
      0.00072
    ],
    [
      31,
      0.00071
    ],
    [
      32,
      0.0007
    ],
    [
      33,
      0.00069
    ],
    [
      34,
      0.00068
    ],
    [
      35,
      0.00068
    ],
    [
      36,
      0.00067
    ],
    [
      37,
      0.00066
    ],
    [
      38,
      0.00065
    ],
    [
      39,
      0.00065
    ],
    [
      40,
      0.00064
    ],
    [
      41,
      0.00063
    ],
    [
      42,
      0.00062
    ],
    [
      43,
      0.00062
    ],
    [
      44,
      0.00061
    ],
    [
      45,
      0.0006
    ],
    [
      46,
      0.0006
    ],
    [
      47,
      0.00059
    ],
    [
      48,
      0.00058
    ],
    [
      49,
      0.00058
    ],
    [
      50,
      0.00057
    ],
    [
      51,
      0.00056
    ],
    [
      52,
      0.00056
    ],
    [
      53,
      0.00055
    ],
    [
      54,
      0.00054
    ],
    [
      55,
      0.00054
    ],
    [
      56,
      0.00053
    ],
    [
      57,
      0.00052
    ],
    [
      58,
      0.00052
    ],
    [
      59,
      0.00051
    ],
    [
      60,
      0.00051
    ],
    [
      61,
      0.0005
    ],
    [
      62,
      0.0005
    ],
    [
      63,
      0.00049
    ],
    [
      64,
      0.00048
    ],
    [
      65,
      0.00048
    ],
    [
      66,
      0.00047
    ],
    [
      67,
      0.00047
    ],
    [
      68,
      0.00046
    ],
    [
      69,
      0.00046
    ],
    [
      70,
      0.00045
    ],
    [
      71,
      0.00045
    ],
    [
      72,
      0.00044
    ],
    [
      73,
      0.00044
    ],
    [
      74,
      0.00043
    ],
    [
      75,
      0.00043
    ],
    [
      76,
      0.00042
    ],
    [
      77,
      0.00042
    ],
    [
      78,
      0.00041
    ],
    [
      79,
      0.00041
    ],
    [
      80,
      0.0004
    ],
    [
      81,
      0.0004
    ],
    [
      82,
      0.00039
    ],
    [
      83,
      0.00039
    ],
    [
      84,
      0.00038
    ],
    [
      85,
      0.00038
    ],
    [
      86,
      0.00038
    ],
    [
      87,
      0.00037
    ],
    [
      88,
      0.00037
    ],
    [
      89,
      0.00036
    ],
    [
      90,
      0.00036
    ],
    [
      91,
      0.00035
    ],
    [
      92,
      0.00035
    ],
    [
      93,
      0.00035
    ],
    [
      94,
      0.00034
    ],
    [
      95,
      0.00034
    ],
    [
      96,
      0.00033
    ],
    [
      97,
      0.00033
    ],
    [
      98,
      0.00033
    ],
    [
      99,
      0.00032
    ],
    [
      100,
      0.00032
    ],
    [
      101,
      0.00032
    ],
    [
      102,
      0.00031
    ],
    [
      103,
      0.00031
    ],
    [
      104,
      0.00031
    ],
    [
      105,
      0.0003
    ],
    [
      106,
      0.0003
    ],
    [
      107,
      0.0003
    ],
    [
      108,
      0.00029
    ],
    [
      109,
      0.00029
    ],
    [
      110,
      0.00029
    ],
    [
      111,
      0.00028
    ],
    [
      112,
      0.00028
    ],
    [
      113,
      0.00028
    ],
    [
      114,
      0.00027
    ],
    [
      115,
      0.00027
    ],
    [
      116,
      0.00027
    ],
    [
      117,
      0.00026
    ],
    [
      118,
      0.00026
    ],
    [
      119,
      0.00026
    ],
    [
      120,
      0.00025
    ],
    [
      121,
      0.00025
    ],
    [
      122,
      0.00025
    ],
    [
      123,
      0.00025
    ],
    [
      124,
      0.00024
    ],
    [
      125,
      0.00024
    ],
    [
      126,
      0.00024
    ],
    [
      127,
      0.00023
    ],
    [
      128,
      0.00023
    ],
    [
      129,
      0.00023
    ],
    [
      130,
      0.00023
    ],
    [
      131,
      0.00022
    ],
    [
      132,
      0.00022
    ],
    [
      133,
      0.00022
    ],
    [
      134,
      0.00022
    ],
    [
      135,
      0.00021
    ],
    [
      136,
      0.00021
    ],
    [
      137,
      0.00021
    ],
    [
      138,
      0.00021
    ],
    [
      139,
      0.0002
    ],
    [
      140,
      0.0002
    ],
    [
      141,
      0.0002
    ],
    [
      142,
      0.0002
    ],
    [
      143,
      0.00019
    ],
    [
      144,
      0.00019
    ],
    [
      145,
      0.00019
    ],
    [
      146,
      0.00019
    ],
    [
      147,
      0.00019
    ],
    [
      148,
      0.00018
    ],
    [
      149,
      0.00018
    ],
    [
      150,
      0.00018
    ],
    [
      151,
      0.00018
    ],
    [
      152,
      0.00018
    ],
    [
      153,
      0.00017
    ],
    [
      154,
      0.00017
    ],
    [
      155,
      0.00017
    ],
    [
      156,
      0.00017
    ],
    [
      157,
      0.00017
    ],
    [
      158,
      0.00016
    ],
    [
      159,
      0.00016
    ],
    [
      160,
      0.00016
    ],
    [
      161,
      0.00016
    ],
    [
      162,
      0.00016
    ],
    [
      163,
      0.00015
    ],
    [
      164,
      0.00015
    ],
    [
      165,
      0.00015
    ],
    [
      166,
      0.00015
    ],
    [
      167,
      0.00015
    ],
    [
      168,
      0.00015
    ],
    [
      169,
      0.00014
    ],
    [
      170,
      0.00014
    ],
    [
      171,
      0.00014
    ],
    [
      172,
      0.00014
    ],
    [
      173,
      0.00014
    ],
    [
      174,
      0.00014
    ],
    [
      175,
      0.00013
    ],
    [
      176,
      0.00013
    ],
    [
      177,
      0.00013
    ],
    [
      178,
      0.00013
    ],
    [
      179,
      0.00013
    ],
    [
      180,
      0.00013
    ],
    [
      181,
      0.00013
    ],
    [
      182,
      0.00012
    ],
    [
      183,
      0.00012
    ],
    [
      184,
      0.00012
    ],
    [
      185,
      0.00012
    ],
    [
      186,
      0.00012
    ],
    [
      187,
      0.00012
    ],
    [
      188,
      0.00012
    ],
    [
      189,
      0.00011
    ],
    [
      190,
      0.00011
    ],
    [
      191,
      0.00011
    ],
    [
      192,
      0.00011
    ],
    [
      193,
      0.00011
    ],
    [
      194,
      0.00011
    ],
    [
      195,
      0.00011
    ],
    [
      196,
      0.00011
    ],
    [
      197,
      0.0001
    ],
    [
      198,
      0.0001
    ],
    [
      199,
      0.0001
    ],
    [
      200,
      0.0001
    ]
  ],
  "val_acc": [
    [
      10,
      0.9697
    ],
    [
      20,
      0.9988
    ],
    [
      30,
      1.0
    ],
    [
      40,
      1.0
    ],
    [
      50,
      1.0
    ],
    [
      60,
      1.0
    ],
    [
      70,
      1.0
    ],
    [
      80,
      1.0
    ],
    [
      90,
      1.0
    ],
    [
      100,
      1.0
    ],
    [
      110,
      1.0
    ],
    [
      120,
      1.0
    ],
    [
      130,
      1.0
    ],
    [
      140,
      1.0
    ],
    [
      150,
      1.0
    ],
    [
      160,
      1.0
    ],
    [
      170,
      1.0
    ],
    [
      180,
      1.0
    ],
    [
      190,
      1.0
    ],
    [
      200,
      1.0
    ]
  ],
  "AP_LTR_U": [
    [
      10,
      1.0
    ],
    [
      20,
      0.9964
    ],
    [
      30,
      1.0
    ],
    [
      40,
      1.0
    ],
    [
      50,
      1.0
    ],
    [
      60,
      1.0
    ],
    [
      70,
      1.0
    ],
    [
      80,
      1.0
    ],
    [
      90,
      1.0
    ],
    [
      100,
      1.0
    ],
    [
      110,
      1.0
    ],
    [
      120,
      1.0
    ],
    [
      130,
      1.0
    ],
    [
      140,
      1.0
    ],
    [
      150,
      1.0
    ],
    [
      160,
      1.0
    ],
    [
      170,
      1.0
    ],
    [
      180,
      1.0
    ],
    [
      190,
      1.0
    ],
    [
      200,
      1.0
    ]
  ],
  "AP_LTR_S": [
    [
      10,
      0.90909
    ],
    [
      20,
      1.0
    ],
    [
      30,
      1.0
    ],
    [
      40,
      1.0
    ],
    [
      50,
      1.0
    ],
    [
      60,
      1.0
    ],
    [
      70,
      1.0
    ],
    [
      80,
      1.0
    ],
    [
      90,
      1.0
    ],
    [
      100,
      1.0
    ],
    [
      110,
      1.0
    ],
    [
      120,
      1.0
    ],
    [
      130,
      1.0
    ],
    [
      140,
      1.0
    ],
    [
      150,
      1.0
    ],
    [
      160,
      1.0
    ],
    [
      170,
      1.0
    ],
    [
      180,
      1.0
    ],
    [
      190,
      1.0
    ],
    [
      200,
      1.0
    ]
  ],
  "AP_LTR_H": [
    [
      10,
      1.0
    ],
    [
      20,
      1.0
    ],
    [
      30,
      1.0
    ],
    [
      40,
      1.0
    ],
    [
      50,
      1.0
    ],
    [
      60,
      1.0
    ],
    [
      70,
      1.0
    ],
    [
      80,
      1.0
    ],
    [
      90,
      1.0
    ],
    [
      100,
      1.0
    ],
    [
      110,
      1.0
    ],
    [
      120,
      1.0
    ],
    [
      130,
      1.0
    ],
    [
      140,
      1.0
    ],
    [
      150,
      1.0
    ],
    [
      160,
      1.0
    ],
    [
      170,
      1.0
    ],
    [
      180,
      1.0
    ],
    [
      190,
      1.0
    ],
    [
      200,
      1.0
    ]
  ],
  "mean": 123.5,
  "std": 58.395,
  "label_type": "detection",
  "data_type": "image",
  "labels": [
    "LTR_U",
    "LTR_S",
    "LTR_H"
  ],
  "best_eval": {
    "epoch": 200,
    "val_acc": 1.0,
    "val_info": [
      {
        "name": "ab06fb8867f248b48ec914845cba562a.jpg",
        "nickname": "0115233601.jpg",
        "pred": [
          [
            22,
            54,
            92,
            139,
            0.999220073223114,
            2.0
          ]
        ],
        "gt": [
          [
            23,
            53,
            90,
            138,
            1.0,
            2.0
          ]
        ],
        "ok": true
      },
      {
        "name": "aac25cad523f45529d541624d111f18a.jpg",
        "nickname": "0116002110.jpg",
        "pred": [
          [
            38,
            52,
            126,
            166,
            0.996605396270752,
            0.0
          ]
        ],
        "gt": [
          [
            38,
            51,
            126,
            166,
            1.0,
            0.0
          ]
        ],
        "ok": true
      },
      {
        "name": "1408a23444ac4a7bb3596d26c77bfe1f.jpg",
        "nickname": "0116002041.jpg",
        "pred": [
          [
            55,
            53,
            139,
            154,
            0.989569902420044,
            0.0
          ]
        ],
        "gt": [
          [
            55,
            51,
            133,
            155,
            1.0,
            0.0
          ]
        ],
        "ok": true
      },
      {
        "name": "c877eb6af5d34bffb966abd6efd66c4f.jpg",
        "nickname": "0115233449.jpg",
        "pred": [
          [
            63,
            50,
            150,
            157,
            0.990997850894928,
            2.0
          ]
        ],
        "gt": [
          [
            66,
            50,
            148,
            158,
            1.0,
            2.0
          ]
        ],
        "ok": true
      },
      {
        "name": "2da373c402e04ddcb7fcc418aca03777.jpg",
        "nickname": "0115233549.jpg",
        "pred": [
          [
            90,
            53,
            173,
            152,
            0.998952329158783,
            2.0
          ]
        ],
        "gt": [
          [
            91,
            56,
            173,
            153,
            1.0,
            2.0
          ]
        ],
        "ok": true
      },
      {
        "name": "fb0a9488224f4ecba096a599f996975e.jpg",
        "nickname": "0115232110.jpg",
        "pred": [
          [
            53,
            14,
            199,
            196,
            0.9846028685569763,
            1.0
          ]
        ],
        "gt": [
          [
            57,
            14,
            201,
            193,
            1.0,
            1.0
          ]
        ],
        "ok": true
      },
      {
        "name": "d0ac1b7ac8184d6781928f0aa5567d64.jpg",
        "nickname": "0115231615.jpg",
        "pred": [
          [
            59,
            24,
            182,
            179,
            0.9981653094291687,
            1.0
          ]
        ],
        "gt": [
          [
            56,
            23,
            183,
            179,
            1.0,
            1.0
          ]
        ],
        "ok": true
      },
      {
        "name": "6fb0ddb821744cc2b67a25902f139672.jpg",
        "nickname": "0115232349.jpg",
        "pred": [
          [
            111,
            90,
            185,
            179,
            0.9964101910591125,
            1.0
          ]
        ],
        "gt": [
          [
            111,
            91,
            185,
            180,
            1.0,
            1.0
          ]
        ],
        "ok": true
      },
      {
        "name": "086a97dc4ac74814ae042fce00214ba6.jpg",
        "nickname": "0116001856.jpg",
        "pred": [
          [
            13,
            29,
            108,
            159,
            0.9941195845603943,
            0.0
          ]
        ],
        "gt": [
          [
            15,
            35,
            101,
            153,
            1.0,
            0.0
          ]
        ],
        "ok": true
      }
    ]
  }
}