{
  "anchors": [
    2.06,
    2.62,
    4.34,
    5.28,
    3.0,
    3.81,
    3.53,
    4.44,
    2.5,
    3.12
  ],
  "inputs": {
    "input0": [
      224,
      224,
      3
    ]
  },
  "outputs": {
    "output0": [
      7,
      7,
      40
    ]
  },
  "params_quantity": 1863736,
  "loss": [
    [
      1,
      0.46708
    ],
    [
      2,
      0.42478
    ],
    [
      3,
      0.46946
    ],
    [
      4,
      0.34087
    ],
    [
      5,
      0.33289
    ],
    [
      6,
      0.63143
    ],
    [
      7,
      0.07285
    ],
    [
      8,
      0.05063
    ],
    [
      9,
      0.04097
    ],
    [
      10,
      0.03731
    ],
    [
      11,
      0.03551
    ],
    [
      12,
      0.03005
    ],
    [
      13,
      0.03026
    ],
    [
      14,
      0.02683
    ],
    [
      15,
      0.02277
    ],
    [
      16,
      0.02301
    ],
    [
      17,
      0.02132
    ],
    [
      18,
      0.01967
    ],
    [
      19,
      0.0191
    ],
    [
      20,
      0.01726
    ],
    [
      21,
      0.01542
    ],
    [
      22,
      0.01514
    ],
    [
      23,
      0.01474
    ],
    [
      24,
      0.01355
    ],
    [
      25,
      0.01339
    ],
    [
      26,
      0.01365
    ],
    [
      27,
      0.01322
    ],
    [
      28,
      0.01164
    ],
    [
      29,
      0.01173
    ],
    [
      30,
      0.01017
    ],
    [
      31,
      0.01008
    ],
    [
      32,
      0.00961
    ],
    [
      33,
      0.00967
    ],
    [
      34,
      0.00973
    ],
    [
      35,
      0.01016
    ],
    [
      36,
      0.00871
    ],
    [
      37,
      0.00831
    ],
    [
      38,
      0.00762
    ],
    [
      39,
      0.00845
    ],
    [
      40,
      0.00859
    ],
    [
      41,
      0.00714
    ],
    [
      42,
      0.0067
    ],
    [
      43,
      0.00634
    ],
    [
      44,
      0.00685
    ],
    [
      45,
      0.00631
    ],
    [
      46,
      0.00625
    ],
    [
      47,
      0.00681
    ],
    [
      48,
      0.0067
    ],
    [
      49,
      0.0059
    ],
    [
      50,
      0.00525
    ],
    [
      51,
      0.00505
    ],
    [
      52,
      0.00549
    ],
    [
      53,
      0.00609
    ],
    [
      54,
      0.005
    ],
    [
      55,
      0.0047
    ],
    [
      56,
      0.00469
    ],
    [
      57,
      0.00444
    ],
    [
      58,
      0.00432
    ],
    [
      59,
      0.00455
    ],
    [
      60,
      0.00485
    ],
    [
      61,
      0.0051
    ],
    [
      62,
      0.00511
    ],
    [
      63,
      0.00394
    ],
    [
      64,
      0.00381
    ],
    [
      65,
      0.00404
    ],
    [
      66,
      0.00395
    ],
    [
      67,
      0.00312
    ],
    [
      68,
      0.00353
    ],
    [
      69,
      0.00351
    ],
    [
      70,
      0.00325
    ],
    [
      71,
      0.00318
    ],
    [
      72,
      0.00321
    ],
    [
      73,
      0.00302
    ],
    [
      74,
      0.00316
    ],
    [
      75,
      0.00297
    ],
    [
      76,
      0.0033
    ],
    [
      77,
      0.00278
    ],
    [
      78,
      0.00309
    ],
    [
      79,
      0.00278
    ],
    [
      80,
      0.00274
    ],
    [
      81,
      0.00255
    ],
    [
      82,
      0.00234
    ],
    [
      83,
      0.00253
    ],
    [
      84,
      0.00231
    ],
    [
      85,
      0.00223
    ],
    [
      86,
      0.00226
    ],
    [
      87,
      0.00242
    ],
    [
      88,
      0.00224
    ],
    [
      89,
      0.00213
    ],
    [
      90,
      0.00225
    ],
    [
      91,
      0.00223
    ],
    [
      92,
      0.00218
    ],
    [
      93,
      0.00224
    ],
    [
      94,
      0.00217
    ],
    [
      95,
      0.00212
    ],
    [
      96,
      0.00222
    ],
    [
      97,
      0.00209
    ],
    [
      98,
      0.00199
    ],
    [
      99,
      0.00178
    ],
    [
      100,
      0.00167
    ]
  ],
  "acc": [
    [
      1,
      0.44393
    ],
    [
      2,
      0.55655
    ],
    [
      3,
      0.57491
    ],
    [
      4,
      0.5664
    ],
    [
      5,
      0.56215
    ],
    [
      6,
      0.35671
    ],
    [
      7,
      0.37151
    ],
    [
      8,
      0.37363
    ],
    [
      9,
      0.38347
    ],
    [
      10,
      0.37961
    ],
    [
      11,
      0.37946
    ],
    [
      12,
      0.38025
    ],
    [
      13,
      0.38307
    ],
    [
      14,
      0.38903
    ],
    [
      15,
      0.3886
    ],
    [
      16,
      0.38337
    ],
    [
      17,
      0.38658
    ],
    [
      18,
      0.38259
    ],
    [
      19,
      0.38511
    ],
    [
      20,
      0.38866
    ],
    [
      21,
      0.39012
    ],
    [
      22,
      0.38862
    ],
    [
      23,
      0.38934
    ],
    [
      24,
      0.39318
    ],
    [
      25,
      0.39436
    ],
    [
      26,
      0.394
    ],
    [
      27,
      0.39169
    ],
    [
      28,
      0.3935
    ],
    [
      29,
      0.3919
    ],
    [
      30,
      0.39367
    ],
    [
      31,
      0.39478
    ],
    [
      32,
      0.39463
    ],
    [
      33,
      0.39475
    ],
    [
      34,
      0.39588
    ],
    [
      35,
      0.39785
    ],
    [
      36,
      0.3983
    ],
    [
      37,
      0.3984
    ],
    [
      38,
      0.39768
    ],
    [
      39,
      0.3992
    ],
    [
      40,
      0.40092
    ],
    [
      41,
      0.40019
    ],
    [
      42,
      0.40296
    ],
    [
      43,
      0.40247
    ],
    [
      44,
      0.40595
    ],
    [
      45,
      0.40533
    ],
    [
      46,
      0.40589
    ],
    [
      47,
      0.4074
    ],
    [
      48,
      0.40624
    ],
    [
      49,
      0.40541
    ],
    [
      50,
      0.40555
    ],
    [
      51,
      0.40733
    ],
    [
      52,
      0.40633
    ],
    [
      53,
      0.40545
    ],
    [
      54,
      0.40536
    ],
    [
      55,
      0.40434
    ],
    [
      56,
      0.40276
    ],
    [
      57,
      0.40493
    ],
    [
      58,
      0.40683
    ],
    [
      59,
      0.40512
    ],
    [
      60,
      0.40514
    ],
    [
      61,
      0.40339
    ],
    [
      62,
      0.40638
    ],
    [
      63,
      0.40478
    ],
    [
      64,
      0.40567
    ],
    [
      65,
      0.40582
    ],
    [
      66,
      0.40484
    ],
    [
      67,
      0.40382
    ],
    [
      68,
      0.40248
    ],
    [
      69,
      0.40139
    ],
    [
      70,
      0.40169
    ],
    [
      71,
      0.40215
    ],
    [
      72,
      0.40372
    ],
    [
      73,
      0.40283
    ],
    [
      74,
      0.40207
    ],
    [
      75,
      0.40375
    ],
    [
      76,
      0.40301
    ],
    [
      77,
      0.40267
    ],
    [
      78,
      0.4047
    ],
    [
      79,
      0.4037
    ],
    [
      80,
      0.40429
    ],
    [
      81,
      0.40621
    ],
    [
      82,
      0.40642
    ],
    [
      83,
      0.40627
    ],
    [
      84,
      0.4056
    ],
    [
      85,
      0.40472
    ],
    [
      86,
      0.40574
    ],
    [
      87,
      0.4062
    ],
    [
      88,
      0.40537
    ],
    [
      89,
      0.40637
    ],
    [
      90,
      0.40567
    ],
    [
      91,
      0.40579
    ],
    [
      92,
      0.40608
    ],
    [
      93,
      0.4067
    ],
    [
      94,
      0.40583
    ],
    [
      95,
      0.40674
    ],
    [
      96,
      0.40537
    ],
    [
      97,
      0.40629
    ],
    [
      98,
      0.40592
    ],
    [
      99,
      0.4039
    ],
    [
      100,
      0.40418
    ]
  ],
  "lr": [
    [
      1,
      0.001
    ],
    [
      2,
      0.00098
    ],
    [
      3,
      0.00095
    ],
    [
      4,
      0.00093
    ],
    [
      5,
      0.00091
    ],
    [
      6,
      0.00089
    ],
    [
      7,
      0.00087
    ],
    [
      8,
      0.00085
    ],
    [
      9,
      0.00083
    ],
    [
      10,
      0.00081
    ],
    [
      11,
      0.00079
    ],
    [
      12,
      0.00078
    ],
    [
      13,
      0.00076
    ],
    [
      14,
      0.00074
    ],
    [
      15,
      0.00072
    ],
    [
      16,
      0.00071
    ],
    [
      17,
      0.00069
    ],
    [
      18,
      0.00068
    ],
    [
      19,
      0.00066
    ],
    [
      20,
      0.00065
    ],
    [
      21,
      0.00063
    ],
    [
      22,
      0.00062
    ],
    [
      23,
      0.0006
    ],
    [
      24,
      0.00059
    ],
    [
      25,
      0.00058
    ],
    [
      26,
      0.00056
    ],
    [
      27,
      0.00055
    ],
    [
      28,
      0.00054
    ],
    [
      29,
      0.00052
    ],
    [
      30,
      0.00051
    ],
    [
      31,
      0.0005
    ],
    [
      32,
      0.00049
    ],
    [
      33,
      0.00048
    ],
    [
      34,
      0.00047
    ],
    [
      35,
      0.00046
    ],
    [
      36,
      0.00045
    ],
    [
      37,
      0.00044
    ],
    [
      38,
      0.00043
    ],
    [
      39,
      0.00042
    ],
    [
      40,
      0.00041
    ],
    [
      41,
      0.0004
    ],
    [
      42,
      0.00039
    ],
    [
      43,
      0.00038
    ],
    [
      44,
      0.00037
    ],
    [
      45,
      0.00036
    ],
    [
      46,
      0.00035
    ],
    [
      47,
      0.00035
    ],
    [
      48,
      0.00034
    ],
    [
      49,
      0.00033
    ],
    [
      50,
      0.00032
    ],
    [
      51,
      0.00032
    ],
    [
      52,
      0.00031
    ],
    [
      53,
      0.0003
    ],
    [
      54,
      0.0003
    ],
    [
      55,
      0.00029
    ],
    [
      56,
      0.00028
    ],
    [
      57,
      0.00028
    ],
    [
      58,
      0.00027
    ],
    [
      59,
      0.00026
    ],
    [
      60,
      0.00026
    ],
    [
      61,
      0.00025
    ],
    [
      62,
      0.00025
    ],
    [
      63,
      0.00024
    ],
    [
      64,
      0.00023
    ],
    [
      65,
      0.00023
    ],
    [
      66,
      0.00022
    ],
    [
      67,
      0.00022
    ],
    [
      68,
      0.00021
    ],
    [
      69,
      0.00021
    ],
    [
      70,
      0.0002
    ],
    [
      71,
      0.0002
    ],
    [
      72,
      0.00019
    ],
    [
      73,
      0.00019
    ],
    [
      74,
      0.00019
    ],
    [
      75,
      0.00018
    ],
    [
      76,
      0.00018
    ],
    [
      77,
      0.00017
    ],
    [
      78,
      0.00017
    ],
    [
      79,
      0.00017
    ],
    [
      80,
      0.00016
    ],
    [
      81,
      0.00016
    ],
    [
      82,
      0.00015
    ],
    [
      83,
      0.00015
    ],
    [
      84,
      0.00015
    ],
    [
      85,
      0.00014
    ],
    [
      86,
      0.00014
    ],
    [
      87,
      0.00014
    ],
    [
      88,
      0.00013
    ],
    [
      89,
      0.00013
    ],
    [
      90,
      0.00013
    ],
    [
      91,
      0.00013
    ],
    [
      92,
      0.00012
    ],
    [
      93,
      0.00012
    ],
    [
      94,
      0.00012
    ],
    [
      95,
      0.00011
    ],
    [
      96,
      0.00011
    ],
    [
      97,
      0.00011
    ],
    [
      98,
      0.00011
    ],
    [
      99,
      0.0001
    ],
    [
      100,
      0.0001
    ]
  ],
  "val_acc": [
    [
      10,
      0.9697
    ],
    [
      20,
      0.9697
    ],
    [
      30,
      1.0
    ],
    [
      40,
      1.0
    ],
    [
      50,
      1.0
    ],
    [
      60,
      1.0
    ],
    [
      70,
      1.0
    ],
    [
      80,
      1.0
    ],
    [
      90,
      1.0
    ],
    [
      100,
      1.0
    ]
  ],
  "AP_LTR_U": [
    [
      10,
      1.0
    ],
    [
      20,
      1.0
    ],
    [
      30,
      1.0
    ],
    [
      40,
      1.0
    ],
    [
      50,
      1.0
    ],
    [
      60,
      1.0
    ],
    [
      70,
      1.0
    ],
    [
      80,
      1.0
    ],
    [
      90,
      1.0
    ],
    [
      100,
      1.0
    ]
  ],
  "AP_LTR_S": [
    [
      10,
      0.90909
    ],
    [
      20,
      0.90909
    ],
    [
      30,
      1.0
    ],
    [
      40,
      1.0
    ],
    [
      50,
      1.0
    ],
    [
      60,
      1.0
    ],
    [
      70,
      1.0
    ],
    [
      80,
      1.0
    ],
    [
      90,
      1.0
    ],
    [
      100,
      1.0
    ]
  ],
  "AP_LTR_H": [
    [
      10,
      1.0
    ],
    [
      20,
      1.0
    ],
    [
      30,
      1.0
    ],
    [
      40,
      1.0
    ],
    [
      50,
      1.0
    ],
    [
      60,
      1.0
    ],
    [
      70,
      1.0
    ],
    [
      80,
      1.0
    ],
    [
      90,
      1.0
    ],
    [
      100,
      1.0
    ]
  ],
  "mean": 123.5,
  "std": 58.395,
  "label_type": "detection",
  "data_type": "image",
  "labels": [
    "LTR_U",
    "LTR_S",
    "LTR_H"
  ],
  "best_eval": {
    "epoch": 100,
    "val_acc": 1.0,
    "val_info": [
      {
        "name": "baee774fcec8441787fb3ea81841bef9.jpg",
        "nickname": "0115231041.jpg",
        "pred": [
          [
            125,
            52,
            183,
            131,
            0.9628215432167053,
            1.0
          ]
        ],
        "gt": [
          [
            123,
            53,
            181,
            130,
            1.0,
            1.0
          ]
        ],
        "ok": true
      },
      {
        "name": "b964f084ab1d44dab5407b181b6316a7.jpg",
        "nickname": "0116001537.jpg",
        "pred": [
          [
            92,
            40,
            204,
            178,
            0.9447058439254761,
            0.0
          ]
        ],
        "gt": [
          [
            92,
            41,
            204,
            178,
            1.0,
            0.0
          ]
        ],
        "ok": true
      },
      {
        "name": "8cf49655d3d441639341631a44266112.jpg",
        "nickname": "0115232138.jpg",
        "pred": [
          [
            61,
            13,
            211,
            201,
            0.9934693574905396,
            1.0
          ]
        ],
        "gt": [
          [
            55,
            10,
            217,
            207,
            1.0,
            1.0
          ]
        ],
        "ok": true
      },
      {
        "name": "69dd8ddf92f14c4b845ef1e805218069.jpg",
        "nickname": "0116004802.jpg",
        "pred": [
          [
            36,
            61,
            95,
            140,
            0.9793128371238708,
            0.0
          ]
        ],
        "gt": [
          [
            33,
            60,
            90,
            137,
            1.0,
            0.0
          ]
        ],
        "ok": true
      },
      {
        "name": "7bca10abc6384efd89d9ab9619ee0ae2.jpg",
        "nickname": "0116001949.jpg",
        "pred": [
          [
            127,
            55,
            213,
            163,
            0.9892410039901733,
            0.0
          ]
        ],
        "gt": [
          [
            122,
            50,
            216,
            167,
            1.0,
            0.0
          ]
        ],
        "ok": true
      },
      {
        "name": "7ccd4116eeba441c818a73efa334c2d1.jpg",
        "nickname": "0115233418.jpg",
        "pred": [
          [
            16,
            22,
            117,
            155,
            0.9873597621917725,
            2.0
          ]
        ],
        "gt": [
          [
            14,
            22,
            122,
            164,
            1.0,
            2.0
          ]
        ],
        "ok": true
      },
      {
        "name": "6cff1119e0f2484ab4e264f072f50fb1.jpg",
        "nickname": "0115232155.jpg",
        "pred": [
          [
            87,
            40,
            219,
            202,
            0.9834802746772766,
            1.0
          ]
        ],
        "gt": [
          [
            85,
            41,
            216,
            202,
            1.0,
            1.0
          ]
        ],
        "ok": true
      },
      {
        "name": "32fe0f4bbc5b40d082d3d93ad858083d.jpg",
        "nickname": "0116000159.jpg",
        "pred": [
          [
            55,
            24,
            192,
            185,
            0.9894379377365112,
            2.0
          ]
        ],
        "gt": [
          [
            64,
            26,
            190,
            180,
            1.0,
            2.0
          ]
        ],
        "ok": true
      },
      {
        "name": "5a16de0c8a6a4ee082cc5e331bcdcc92.jpg",
        "nickname": "0115233409.jpg",
        "pred": [
          [
            40,
            21,
            162,
            167,
            0.9848882555961609,
            2.0
          ]
        ],
        "gt": [
          [
            37,
            21,
            156,
            167,
            1.0,
            2.0
          ]
        ],
        "ok": true
      }
    ]
  }
}