{
  "anchors": [
    2.62,
    3.19,
    4.38,
    5.34,
    3.59,
    4.53,
    2.12,
    2.66,
    3.06,
    3.94
  ],
  "inputs": {
    "input0": [
      224,
      224,
      3
    ]
  },
  "outputs": {
    "output0": [
      7,
      7,
      40
    ]
  },
  "params_quantity": 1863736,
  "loss": [
    [
      1,
      0.58378
    ],
    [
      2,
      0.38184
    ],
    [
      3,
      0.36424
    ],
    [
      4,
      0.33382
    ],
    [
      5,
      0.2552
    ],
    [
      6,
      0.43562
    ],
    [
      7,
      0.0839
    ],
    [
      8,
      0.06447
    ],
    [
      9,
      0.07377
    ],
    [
      10,
      0.0996
    ],
    [
      11,
      0.05073
    ],
    [
      12,
      0.04711
    ],
    [
      13,
      0.0457
    ],
    [
      14,
      0.07525
    ],
    [
      15,
      0.05668
    ],
    [
      16,
      0.04397
    ],
    [
      17,
      0.03822
    ],
    [
      18,
      0.02904
    ],
    [
      19,
      0.04275
    ],
    [
      20,
      0.02701
    ],
    [
      21,
      0.03009
    ],
    [
      22,
      0.02904
    ],
    [
      23,
      0.02281
    ],
    [
      24,
      0.02145
    ],
    [
      25,
      0.02381
    ],
    [
      26,
      0.02098
    ],
    [
      27,
      0.02116
    ],
    [
      28,
      0.01848
    ],
    [
      29,
      0.01729
    ],
    [
      30,
      0.02202
    ],
    [
      31,
      0.01818
    ],
    [
      32,
      0.018
    ],
    [
      33,
      0.01696
    ],
    [
      34,
      0.02452
    ],
    [
      35,
      0.01629
    ],
    [
      36,
      0.01562
    ],
    [
      37,
      0.01712
    ],
    [
      38,
      0.01882
    ],
    [
      39,
      0.01563
    ],
    [
      40,
      0.01492
    ],
    [
      41,
      0.01388
    ],
    [
      42,
      0.01294
    ],
    [
      43,
      0.01204
    ],
    [
      44,
      0.01358
    ],
    [
      45,
      0.01266
    ],
    [
      46,
      0.02593
    ],
    [
      47,
      0.01357
    ],
    [
      48,
      0.01111
    ],
    [
      49,
      0.01156
    ],
    [
      50,
      0.01264
    ],
    [
      51,
      0.01551
    ],
    [
      52,
      0.11094
    ],
    [
      53,
      0.04288
    ],
    [
      54,
      0.03286
    ],
    [
      55,
      0.02807
    ],
    [
      56,
      0.02444
    ],
    [
      57,
      0.02291
    ],
    [
      58,
      0.02133
    ],
    [
      59,
      0.02598
    ],
    [
      60,
      0.01787
    ],
    [
      61,
      0.0178
    ],
    [
      62,
      0.01691
    ],
    [
      63,
      0.0154
    ],
    [
      64,
      0.01626
    ],
    [
      65,
      0.01645
    ],
    [
      66,
      0.03688
    ],
    [
      67,
      0.02016
    ],
    [
      68,
      0.01865
    ],
    [
      69,
      0.02003
    ],
    [
      70,
      0.01874
    ],
    [
      71,
      0.01513
    ],
    [
      72,
      0.01921
    ],
    [
      73,
      0.01515
    ],
    [
      74,
      0.0433
    ],
    [
      75,
      0.02555
    ],
    [
      76,
      0.03135
    ],
    [
      77,
      0.02206
    ],
    [
      78,
      0.01925
    ],
    [
      79,
      0.02024
    ],
    [
      80,
      0.01938
    ],
    [
      81,
      0.01748
    ],
    [
      82,
      0.01436
    ],
    [
      83,
      0.01338
    ],
    [
      84,
      0.01422
    ],
    [
      85,
      0.01377
    ],
    [
      86,
      0.01237
    ],
    [
      87,
      0.01219
    ],
    [
      88,
      0.01226
    ],
    [
      89,
      0.01481
    ],
    [
      90,
      0.01199
    ],
    [
      91,
      0.01132
    ],
    [
      92,
      0.01081
    ],
    [
      93,
      0.01109
    ],
    [
      94,
      0.02745
    ],
    [
      95,
      0.0175
    ],
    [
      96,
      0.01704
    ],
    [
      97,
      0.01663
    ],
    [
      98,
      0.01336
    ],
    [
      99,
      0.01352
    ],
    [
      100,
      0.01264
    ],
    [
      101,
      0.01156
    ],
    [
      102,
      0.01185
    ],
    [
      103,
      0.01175
    ],
    [
      104,
      0.0102
    ],
    [
      105,
      0.02262
    ],
    [
      106,
      0.01378
    ],
    [
      107,
      0.0129
    ],
    [
      108,
      0.01607
    ],
    [
      109,
      0.01125
    ],
    [
      110,
      0.01015
    ],
    [
      111,
      0.01188
    ],
    [
      112,
      0.00992
    ],
    [
      113,
      0.00925
    ],
    [
      114,
      0.01019
    ],
    [
      115,
      0.00914
    ],
    [
      116,
      0.0083
    ],
    [
      117,
      0.0081
    ],
    [
      118,
      0.00903
    ],
    [
      119,
      0.00825
    ],
    [
      120,
      0.00811
    ],
    [
      121,
      0.00871
    ],
    [
      122,
      0.00736
    ],
    [
      123,
      0.0074
    ],
    [
      124,
      0.00748
    ],
    [
      125,
      0.00686
    ],
    [
      126,
      0.01402
    ],
    [
      127,
      0.01043
    ],
    [
      128,
      0.01026
    ],
    [
      129,
      0.01097
    ],
    [
      130,
      0.00847
    ],
    [
      131,
      0.00758
    ],
    [
      132,
      0.00707
    ],
    [
      133,
      0.00717
    ],
    [
      134,
      0.00757
    ],
    [
      135,
      0.00682
    ],
    [
      136,
      0.00656
    ],
    [
      137,
      0.00569
    ],
    [
      138,
      0.00542
    ],
    [
      139,
      0.00579
    ],
    [
      140,
      0.0058
    ],
    [
      141,
      0.00592
    ],
    [
      142,
      0.00614
    ],
    [
      143,
      0.00521
    ],
    [
      144,
      0.00489
    ],
    [
      145,
      0.00765
    ],
    [
      146,
      0.00531
    ],
    [
      147,
      0.00453
    ],
    [
      148,
      0.0048
    ],
    [
      149,
      0.0045
    ],
    [
      150,
      0.00428
    ],
    [
      151,
      0.00455
    ],
    [
      152,
      0.00407
    ],
    [
      153,
      0.00608
    ],
    [
      154,
      0.00507
    ],
    [
      155,
      0.00427
    ],
    [
      156,
      0.00401
    ],
    [
      157,
      0.00373
    ],
    [
      158,
      0.00324
    ],
    [
      159,
      0.00323
    ],
    [
      160,
      0.00337
    ],
    [
      161,
      0.0035
    ],
    [
      162,
      0.00296
    ],
    [
      163,
      0.00307
    ],
    [
      164,
      0.00273
    ],
    [
      165,
      0.0049
    ],
    [
      166,
      0.00417
    ],
    [
      167,
      0.00344
    ],
    [
      168,
      0.00316
    ],
    [
      169,
      0.00333
    ],
    [
      170,
      0.00427
    ],
    [
      171,
      0.00298
    ],
    [
      172,
      0.00337
    ],
    [
      173,
      0.00294
    ],
    [
      174,
      0.00279
    ],
    [
      175,
      0.00321
    ],
    [
      176,
      0.00283
    ],
    [
      177,
      0.0025
    ],
    [
      178,
      0.00246
    ],
    [
      179,
      0.00217
    ],
    [
      180,
      0.00207
    ],
    [
      181,
      0.00203
    ],
    [
      182,
      0.003
    ],
    [
      183,
      0.00254
    ],
    [
      184,
      0.00298
    ],
    [
      185,
      0.00237
    ],
    [
      186,
      0.00195
    ],
    [
      187,
      0.00224
    ],
    [
      188,
      0.00212
    ],
    [
      189,
      0.00244
    ],
    [
      190,
      0.00198
    ],
    [
      191,
      0.00178
    ],
    [
      192,
      0.00202
    ],
    [
      193,
      0.0019
    ],
    [
      194,
      0.00257
    ],
    [
      195,
      0.00347
    ],
    [
      196,
      0.00346
    ],
    [
      197,
      0.00259
    ],
    [
      198,
      0.00198
    ],
    [
      199,
      0.00166
    ],
    [
      200,
      0.00175
    ]
  ],
  "acc": [
    [
      1,
      0.47736
    ],
    [
      2,
      0.56489
    ],
    [
      3,
      0.59556
    ],
    [
      4,
      0.59217
    ],
    [
      5,
      0.58889
    ],
    [
      6,
      0.50809
    ],
    [
      7,
      0.51346
    ],
    [
      8,
      0.52168
    ],
    [
      9,
      0.52541
    ],
    [
      10,
      0.51594
    ],
    [
      11,
      0.51766
    ],
    [
      12,
      0.51655
    ],
    [
      13,
      0.51002
    ],
    [
      14,
      0.51138
    ],
    [
      15,
      0.50986
    ],
    [
      16,
      0.50829
    ],
    [
      17,
      0.50459
    ],
    [
      18,
      0.50623
    ],
    [
      19,
      0.50017
    ],
    [
      20,
      0.49962
    ],
    [
      21,
      0.49621
    ],
    [
      22,
      0.49624
    ],
    [
      23,
      0.49303
    ],
    [
      24,
      0.48922
    ],
    [
      25,
      0.49204
    ],
    [
      26,
      0.49043
    ],
    [
      27,
      0.48571
    ],
    [
      28,
      0.48248
    ],
    [
      29,
      0.48752
    ],
    [
      30,
      0.48253
    ],
    [
      31,
      0.48071
    ],
    [
      32,
      0.48163
    ],
    [
      33,
      0.4799
    ],
    [
      34,
      0.47722
    ],
    [
      35,
      0.47787
    ],
    [
      36,
      0.47236
    ],
    [
      37,
      0.47387
    ],
    [
      38,
      0.46985
    ],
    [
      39,
      0.46296
    ],
    [
      40,
      0.4631
    ],
    [
      41,
      0.46245
    ],
    [
      42,
      0.46218
    ],
    [
      43,
      0.45887
    ],
    [
      44,
      0.4561
    ],
    [
      45,
      0.45535
    ],
    [
      46,
      0.46238
    ],
    [
      47,
      0.4667
    ],
    [
      48,
      0.45737
    ],
    [
      49,
      0.45095
    ],
    [
      50,
      0.45293
    ],
    [
      51,
      0.44925
    ],
    [
      52,
      0.46704
    ],
    [
      53,
      0.44578
    ],
    [
      54,
      0.45275
    ],
    [
      55,
      0.45847
    ],
    [
      56,
      0.45604
    ],
    [
      57,
      0.44906
    ],
    [
      58,
      0.44927
    ],
    [
      59,
      0.44589
    ],
    [
      60,
      0.44342
    ],
    [
      61,
      0.44483
    ],
    [
      62,
      0.44366
    ],
    [
      63,
      0.44287
    ],
    [
      64,
      0.44076
    ],
    [
      65,
      0.43875
    ],
    [
      66,
      0.48229
    ],
    [
      67,
      0.49237
    ],
    [
      68,
      0.48985
    ],
    [
      69,
      0.4859
    ],
    [
      70,
      0.48327
    ],
    [
      71,
      0.48439
    ],
    [
      72,
      0.48083
    ],
    [
      73,
      0.47945
    ],
    [
      74,
      0.44138
    ],
    [
      75,
      0.43964
    ],
    [
      76,
      0.52067
    ],
    [
      77,
      0.52447
    ],
    [
      78,
      0.52731
    ],
    [
      79,
      0.52977
    ],
    [
      80,
      0.53104
    ],
    [
      81,
      0.53334
    ],
    [
      82,
      0.53289
    ],
    [
      83,
      0.5343
    ],
    [
      84,
      0.53089
    ],
    [
      85,
      0.52994
    ],
    [
      86,
      0.52796
    ],
    [
      87,
      0.52907
    ],
    [
      88,
      0.53025
    ],
    [
      89,
      0.52946
    ],
    [
      90,
      0.53005
    ],
    [
      91,
      0.52841
    ],
    [
      92,
      0.52973
    ],
    [
      93,
      0.5289
    ],
    [
      94,
      0.51992
    ],
    [
      95,
      0.51029
    ],
    [
      96,
      0.5021
    ],
    [
      97,
      0.50869
    ],
    [
      98,
      0.5144
    ],
    [
      99,
      0.51458
    ],
    [
      100,
      0.51189
    ],
    [
      101,
      0.5121
    ],
    [
      102,
      0.51188
    ],
    [
      103,
      0.50709
    ],
    [
      104,
      0.50514
    ],
    [
      105,
      0.50502
    ],
    [
      106,
      0.50011
    ],
    [
      107,
      0.50268
    ],
    [
      108,
      0.49933
    ],
    [
      109,
      0.4992
    ],
    [
      110,
      0.50024
    ],
    [
      111,
      0.49809
    ],
    [
      112,
      0.49756
    ],
    [
      113,
      0.49809
    ],
    [
      114,
      0.49778
    ],
    [
      115,
      0.49858
    ],
    [
      116,
      0.49742
    ],
    [
      117,
      0.49726
    ],
    [
      118,
      0.49825
    ],
    [
      119,
      0.49761
    ],
    [
      120,
      0.49885
    ],
    [
      121,
      0.49567
    ],
    [
      122,
      0.49656
    ],
    [
      123,
      0.49603
    ],
    [
      124,
      0.49572
    ],
    [
      125,
      0.49621
    ],
    [
      126,
      0.46508
    ],
    [
      127,
      0.46979
    ],
    [
      128,
      0.47582
    ],
    [
      129,
      0.47951
    ],
    [
      130,
      0.47953
    ],
    [
      131,
      0.47886
    ],
    [
      132,
      0.4792
    ],
    [
      133,
      0.4818
    ],
    [
      134,
      0.48409
    ],
    [
      135,
      0.48263
    ],
    [
      136,
      0.47982
    ],
    [
      137,
      0.47845
    ],
    [
      138,
      0.47931
    ],
    [
      139,
      0.47895
    ],
    [
      140,
      0.47595
    ],
    [
      141,
      0.47494
    ],
    [
      142,
      0.47639
    ],
    [
      143,
      0.47938
    ],
    [
      144,
      0.478
    ],
    [
      145,
      0.47589
    ],
    [
      146,
      0.47358
    ],
    [
      147,
      0.47202
    ],
    [
      148,
      0.47437
    ],
    [
      149,
      0.47366
    ],
    [
      150,
      0.47236
    ],
    [
      151,
      0.47008
    ],
    [
      152,
      0.46735
    ],
    [
      153,
      0.46702
    ],
    [
      154,
      0.47252
    ],
    [
      155,
      0.47603
    ],
    [
      156,
      0.4745
    ],
    [
      157,
      0.47437
    ],
    [
      158,
      0.47247
    ],
    [
      159,
      0.47304
    ],
    [
      160,
      0.47135
    ],
    [
      161,
      0.47266
    ],
    [
      162,
      0.46913
    ],
    [
      163,
      0.46728
    ],
    [
      164,
      0.4687
    ],
    [
      165,
      0.48612
    ],
    [
      166,
      0.48535
    ],
    [
      167,
      0.48614
    ],
    [
      168,
      0.48603
    ],
    [
      169,
      0.47841
    ],
    [
      170,
      0.48066
    ],
    [
      171,
      0.47973
    ],
    [
      172,
      0.47969
    ],
    [
      173,
      0.47909
    ],
    [
      174,
      0.48347
    ],
    [
      175,
      0.48044
    ],
    [
      176,
      0.4813
    ],
    [
      177,
      0.47896
    ],
    [
      178,
      0.47776
    ],
    [
      179,
      0.47608
    ],
    [
      180,
      0.47727
    ],
    [
      181,
      0.47502
    ],
    [
      182,
      0.475
    ],
    [
      183,
      0.47768
    ],
    [
      184,
      0.47981
    ],
    [
      185,
      0.47711
    ],
    [
      186,
      0.47517
    ],
    [
      187,
      0.47625
    ],
    [
      188,
      0.4759
    ],
    [
      189,
      0.47634
    ],
    [
      190,
      0.47465
    ],
    [
      191,
      0.47503
    ],
    [
      192,
      0.47394
    ],
    [
      193,
      0.47231
    ],
    [
      194,
      0.47592
    ],
    [
      195,
      0.47108
    ],
    [
      196,
      0.46949
    ],
    [
      197,
      0.46576
    ],
    [
      198,
      0.46621
    ],
    [
      199,
      0.46305
    ],
    [
      200,
      0.46303
    ]
  ],
  "lr": [
    [
      1,
      0.001
    ],
    [
      2,
      0.00099
    ],
    [
      3,
      0.00098
    ],
    [
      4,
      0.00097
    ],
    [
      5,
      0.00095
    ],
    [
      6,
      0.00094
    ],
    [
      7,
      0.00093
    ],
    [
      8,
      0.00092
    ],
    [
      9,
      0.00091
    ],
    [
      10,
      0.0009
    ],
    [
      11,
      0.00089
    ],
    [
      12,
      0.00088
    ],
    [
      13,
      0.00087
    ],
    [
      14,
      0.00086
    ],
    [
      15,
      0.00085
    ],
    [
      16,
      0.00084
    ],
    [
      17,
      0.00083
    ],
    [
      18,
      0.00082
    ],
    [
      19,
      0.00081
    ],
    [
      20,
      0.0008
    ],
    [
      21,
      0.00079
    ],
    [
      22,
      0.00079
    ],
    [
      23,
      0.00078
    ],
    [
      24,
      0.00077
    ],
    [
      25,
      0.00076
    ],
    [
      26,
      0.00075
    ],
    [
      27,
      0.00074
    ],
    [
      28,
      0.00073
    ],
    [
      29,
      0.00072
    ],
    [
      30,
      0.00072
    ],
    [
      31,
      0.00071
    ],
    [
      32,
      0.0007
    ],
    [
      33,
      0.00069
    ],
    [
      34,
      0.00068
    ],
    [
      35,
      0.00068
    ],
    [
      36,
      0.00067
    ],
    [
      37,
      0.00066
    ],
    [
      38,
      0.00065
    ],
    [
      39,
      0.00065
    ],
    [
      40,
      0.00064
    ],
    [
      41,
      0.00063
    ],
    [
      42,
      0.00062
    ],
    [
      43,
      0.00062
    ],
    [
      44,
      0.00061
    ],
    [
      45,
      0.0006
    ],
    [
      46,
      0.0006
    ],
    [
      47,
      0.00059
    ],
    [
      48,
      0.00058
    ],
    [
      49,
      0.00058
    ],
    [
      50,
      0.00057
    ],
    [
      51,
      0.00056
    ],
    [
      52,
      0.00056
    ],
    [
      53,
      0.00055
    ],
    [
      54,
      0.00054
    ],
    [
      55,
      0.00054
    ],
    [
      56,
      0.00053
    ],
    [
      57,
      0.00052
    ],
    [
      58,
      0.00052
    ],
    [
      59,
      0.00051
    ],
    [
      60,
      0.00051
    ],
    [
      61,
      0.0005
    ],
    [
      62,
      0.0005
    ],
    [
      63,
      0.00049
    ],
    [
      64,
      0.00048
    ],
    [
      65,
      0.00048
    ],
    [
      66,
      0.00047
    ],
    [
      67,
      0.00047
    ],
    [
      68,
      0.00046
    ],
    [
      69,
      0.00046
    ],
    [
      70,
      0.00045
    ],
    [
      71,
      0.00045
    ],
    [
      72,
      0.00044
    ],
    [
      73,
      0.00044
    ],
    [
      74,
      0.00043
    ],
    [
      75,
      0.00043
    ],
    [
      76,
      0.00042
    ],
    [
      77,
      0.00042
    ],
    [
      78,
      0.00041
    ],
    [
      79,
      0.00041
    ],
    [
      80,
      0.0004
    ],
    [
      81,
      0.0004
    ],
    [
      82,
      0.00039
    ],
    [
      83,
      0.00039
    ],
    [
      84,
      0.00038
    ],
    [
      85,
      0.00038
    ],
    [
      86,
      0.00038
    ],
    [
      87,
      0.00037
    ],
    [
      88,
      0.00037
    ],
    [
      89,
      0.00036
    ],
    [
      90,
      0.00036
    ],
    [
      91,
      0.00035
    ],
    [
      92,
      0.00035
    ],
    [
      93,
      0.00035
    ],
    [
      94,
      0.00034
    ],
    [
      95,
      0.00034
    ],
    [
      96,
      0.00033
    ],
    [
      97,
      0.00033
    ],
    [
      98,
      0.00033
    ],
    [
      99,
      0.00032
    ],
    [
      100,
      0.00032
    ],
    [
      101,
      0.00032
    ],
    [
      102,
      0.00031
    ],
    [
      103,
      0.00031
    ],
    [
      104,
      0.00031
    ],
    [
      105,
      0.0003
    ],
    [
      106,
      0.0003
    ],
    [
      107,
      0.0003
    ],
    [
      108,
      0.00029
    ],
    [
      109,
      0.00029
    ],
    [
      110,
      0.00029
    ],
    [
      111,
      0.00028
    ],
    [
      112,
      0.00028
    ],
    [
      113,
      0.00028
    ],
    [
      114,
      0.00027
    ],
    [
      115,
      0.00027
    ],
    [
      116,
      0.00027
    ],
    [
      117,
      0.00026
    ],
    [
      118,
      0.00026
    ],
    [
      119,
      0.00026
    ],
    [
      120,
      0.00025
    ],
    [
      121,
      0.00025
    ],
    [
      122,
      0.00025
    ],
    [
      123,
      0.00025
    ],
    [
      124,
      0.00024
    ],
    [
      125,
      0.00024
    ],
    [
      126,
      0.00024
    ],
    [
      127,
      0.00023
    ],
    [
      128,
      0.00023
    ],
    [
      129,
      0.00023
    ],
    [
      130,
      0.00023
    ],
    [
      131,
      0.00022
    ],
    [
      132,
      0.00022
    ],
    [
      133,
      0.00022
    ],
    [
      134,
      0.00022
    ],
    [
      135,
      0.00021
    ],
    [
      136,
      0.00021
    ],
    [
      137,
      0.00021
    ],
    [
      138,
      0.00021
    ],
    [
      139,
      0.0002
    ],
    [
      140,
      0.0002
    ],
    [
      141,
      0.0002
    ],
    [
      142,
      0.0002
    ],
    [
      143,
      0.00019
    ],
    [
      144,
      0.00019
    ],
    [
      145,
      0.00019
    ],
    [
      146,
      0.00019
    ],
    [
      147,
      0.00019
    ],
    [
      148,
      0.00018
    ],
    [
      149,
      0.00018
    ],
    [
      150,
      0.00018
    ],
    [
      151,
      0.00018
    ],
    [
      152,
      0.00018
    ],
    [
      153,
      0.00017
    ],
    [
      154,
      0.00017
    ],
    [
      155,
      0.00017
    ],
    [
      156,
      0.00017
    ],
    [
      157,
      0.00017
    ],
    [
      158,
      0.00016
    ],
    [
      159,
      0.00016
    ],
    [
      160,
      0.00016
    ],
    [
      161,
      0.00016
    ],
    [
      162,
      0.00016
    ],
    [
      163,
      0.00015
    ],
    [
      164,
      0.00015
    ],
    [
      165,
      0.00015
    ],
    [
      166,
      0.00015
    ],
    [
      167,
      0.00015
    ],
    [
      168,
      0.00015
    ],
    [
      169,
      0.00014
    ],
    [
      170,
      0.00014
    ],
    [
      171,
      0.00014
    ],
    [
      172,
      0.00014
    ],
    [
      173,
      0.00014
    ],
    [
      174,
      0.00014
    ],
    [
      175,
      0.00013
    ],
    [
      176,
      0.00013
    ],
    [
      177,
      0.00013
    ],
    [
      178,
      0.00013
    ],
    [
      179,
      0.00013
    ],
    [
      180,
      0.00013
    ],
    [
      181,
      0.00013
    ],
    [
      182,
      0.00012
    ],
    [
      183,
      0.00012
    ],
    [
      184,
      0.00012
    ],
    [
      185,
      0.00012
    ],
    [
      186,
      0.00012
    ],
    [
      187,
      0.00012
    ],
    [
      188,
      0.00012
    ],
    [
      189,
      0.00011
    ],
    [
      190,
      0.00011
    ],
    [
      191,
      0.00011
    ],
    [
      192,
      0.00011
    ],
    [
      193,
      0.00011
    ],
    [
      194,
      0.00011
    ],
    [
      195,
      0.00011
    ],
    [
      196,
      0.00011
    ],
    [
      197,
      0.0001
    ],
    [
      198,
      0.0001
    ],
    [
      199,
      0.0001
    ],
    [
      200,
      0.0001
    ]
  ],
  "val_acc": [
    [
      10,
      0.60569
    ],
    [
      20,
      0.93939
    ],
    [
      30,
      0.9697
    ],
    [
      40,
      0.9697
    ],
    [
      50,
      0.90909
    ],
    [
      60,
      0.96876
    ],
    [
      70,
      0.9697
    ],
    [
      80,
      0.9697
    ],
    [
      90,
      0.9697
    ],
    [
      100,
      1.0
    ],
    [
      110,
      1.0
    ],
    [
      120,
      1.0
    ],
    [
      130,
      1.0
    ],
    [
      140,
      1.0
    ],
    [
      150,
      1.0
    ],
    [
      160,
      1.0
    ],
    [
      170,
      1.0
    ],
    [
      180,
      1.0
    ],
    [
      190,
      0.9697
    ],
    [
      200,
      0.9697
    ]
  ],
  "AP_LTR_U": [
    [
      10,
      0.90909
    ],
    [
      20,
      1.0
    ],
    [
      30,
      1.0
    ],
    [
      40,
      1.0
    ],
    [
      50,
      0.90909
    ],
    [
      60,
      1.0
    ],
    [
      70,
      1.0
    ],
    [
      80,
      0.90909
    ],
    [
      90,
      1.0
    ],
    [
      100,
      1.0
    ],
    [
      110,
      1.0
    ],
    [
      120,
      1.0
    ],
    [
      130,
      1.0
    ],
    [
      140,
      1.0
    ],
    [
      150,
      1.0
    ],
    [
      160,
      1.0
    ],
    [
      170,
      1.0
    ],
    [
      180,
      1.0
    ],
    [
      190,
      1.0
    ],
    [
      200,
      1.0
    ]
  ],
  "AP_LTR_S": [
    [
      10,
      0.18182
    ],
    [
      20,
      0.90909
    ],
    [
      30,
      0.90909
    ],
    [
      40,
      0.90909
    ],
    [
      50,
      0.90909
    ],
    [
      60,
      0.90629
    ],
    [
      70,
      0.90909
    ],
    [
      80,
      1.0
    ],
    [
      90,
      0.90909
    ],
    [
      100,
      1.0
    ],
    [
      110,
      1.0
    ],
    [
      120,
      1.0
    ],
    [
      130,
      1.0
    ],
    [
      140,
      1.0
    ],
    [
      150,
      1.0
    ],
    [
      160,
      1.0
    ],
    [
      170,
      1.0
    ],
    [
      180,
      1.0
    ],
    [
      190,
      0.90909
    ],
    [
      200,
      0.90909
    ]
  ],
  "AP_LTR_H": [
    [
      10,
      0.72617
    ],
    [
      20,
      0.90909
    ],
    [
      30,
      1.0
    ],
    [
      40,
      1.0
    ],
    [
      50,
      0.90909
    ],
    [
      60,
      1.0
    ],
    [
      70,
      1.0
    ],
    [
      80,
      1.0
    ],
    [
      90,
      1.0
    ],
    [
      100,
      1.0
    ],
    [
      110,
      1.0
    ],
    [
      120,
      1.0
    ],
    [
      130,
      1.0
    ],
    [
      140,
      1.0
    ],
    [
      150,
      1.0
    ],
    [
      160,
      1.0
    ],
    [
      170,
      1.0
    ],
    [
      180,
      1.0
    ],
    [
      190,
      1.0
    ],
    [
      200,
      1.0
    ]
  ],
  "mean": 123.5,
  "std": 58.395,
  "label_type": "detection",
  "data_type": "image",
  "labels": [
    "LTR_U",
    "LTR_S",
    "LTR_H"
  ],
  "best_eval": {
    "epoch": 180,
    "val_acc": 1.0,
    "val_info": [
      {
        "name": "fa884d68c9da4b3ca9c60b16027db4cd.jpg",
        "nickname": "0116005139.jpg",
        "pred": [
          [
            13,
            38,
            104,
            160,
            0.9771587252616882,
            0.0
          ]
        ],
        "gt": [
          [
            21,
            41,
            98,
            155,
            1.0,
            0.0
          ]
        ],
        "ok": true
      },
      {
        "name": "d805ab8871c14a36818dfe432b8b1735.jpg",
        "nickname": "0115232836.jpg",
        "pred": [
          [
            19,
            30,
            110,
            146,
            0.9404633641242981,
            1.0
          ]
        ],
        "gt": [
          [
            21,
            33,
            100,
            144,
            1.0,
            1.0
          ]
        ],
        "ok": true
      },
      {
        "name": "1cc8e82dda344828a8405d00087ea434.jpg",
        "nickname": "0115232629.jpg",
        "pred": [
          [
            56,
            49,
            139,
            159,
            0.9901970624923706,
            1.0
          ]
        ],
        "gt": [
          [
            54,
            49,
            140,
            161,
            1.0,
            1.0
          ]
        ],
        "ok": true
      },
      {
        "name": "3de7a5f601664f2e9c44e3b5632d1888.jpg",
        "nickname": "0116000941.jpg",
        "pred": [
          [
            23,
            38,
            123,
            160,
            0.9695191979408264,
            2.0
          ]
        ],
        "gt": [
          [
            22,
            35,
            128,
            168,
            1.0,
            2.0
          ]
        ],
        "ok": true
      },
      {
        "name": "10c57541556a4e5298d11868b445fce0.jpg",
        "nickname": "0116001021.jpg",
        "pred": [
          [
            92,
            32,
            198,
            154,
            0.8400660157203674,
            2.0
          ]
        ],
        "gt": [
          [
            87,
            27,
            193,
            157,
            1.0,
            2.0
          ]
        ],
        "ok": true
      },
      {
        "name": "afc5cf270b6f4d6aaaba1459b9158c76.jpg",
        "nickname": "0116005206.jpg",
        "pred": [
          [
            87,
            56,
            182,
            175,
            0.9660202860832214,
            0.0
          ]
        ],
        "gt": [
          [
            88,
            60,
            178,
            165,
            1.0,
            0.0
          ]
        ],
        "ok": true
      },
      {
        "name": "af0dab260ea041708a555eb17fc03433.jpg",
        "nickname": "0115232358.jpg",
        "pred": [
          [
            49,
            48,
            122,
            148,
            0.8273566961288452,
            1.0
          ]
        ],
        "gt": [
          [
            42,
            42,
            123,
            142,
            1.0,
            1.0
          ]
        ],
        "ok": true
      },
      {
        "name": "c383965d3e904a2c8bac211c4ce6c839.jpg",
        "nickname": "0116001014.jpg",
        "pred": [
          [
            65,
            35,
            168,
            159,
            0.9470055103302002,
            2.0
          ]
        ],
        "gt": [
          [
            66,
            32,
            163,
            158,
            1.0,
            2.0
          ]
        ],
        "ok": true
      },
      {
        "name": "ac95fc4d57cb453d9367926dc5d6dfb0.jpg",
        "nickname": "0116005115.jpg",
        "pred": [
          [
            110,
            43,
            212,
            168,
            0.9933373928070068,
            0.0
          ]
        ],
        "gt": [
          [
            105,
            42,
            211,
            169,
            1.0,
            0.0
          ]
        ],
        "ok": true
      }
    ]
  }
}