{
  "anchors": [
    2.25,
    2.78,
    2.62,
    3.28,
    3.25,
    4.09,
    4.12,
    5.03,
    1.78,
    2.41
  ],
  "inputs": {
    "input0": [
      224,
      224,
      3
    ]
  },
  "outputs": {
    "output0": [
      7,
      7,
      40
    ]
  },
  "params_quantity": 1863736,
  "loss": [
    [
      1,
      0.60354
    ],
    [
      2,
      0.2538
    ],
    [
      3,
      0.19847
    ],
    [
      4,
      0.23597
    ],
    [
      5,
      0.24743
    ],
    [
      6,
      0.49848
    ],
    [
      7,
      0.08633
    ],
    [
      8,
      0.05526
    ],
    [
      9,
      0.04462
    ],
    [
      10,
      0.03524
    ],
    [
      11,
      0.0322
    ],
    [
      12,
      0.03082
    ],
    [
      13,
      0.02728
    ],
    [
      14,
      0.02749
    ],
    [
      15,
      0.02438
    ],
    [
      16,
      0.02397
    ],
    [
      17,
      0.02178
    ],
    [
      18,
      0.02002
    ],
    [
      19,
      0.0187
    ],
    [
      20,
      0.01742
    ],
    [
      21,
      0.01692
    ],
    [
      22,
      0.01529
    ],
    [
      23,
      0.01638
    ],
    [
      24,
      0.01591
    ],
    [
      25,
      0.01517
    ],
    [
      26,
      0.01364
    ],
    [
      27,
      0.01354
    ],
    [
      28,
      0.01145
    ],
    [
      29,
      0.01151
    ],
    [
      30,
      0.01127
    ],
    [
      31,
      0.01036
    ],
    [
      32,
      0.0098
    ],
    [
      33,
      0.00901
    ],
    [
      34,
      0.009
    ],
    [
      35,
      0.00913
    ],
    [
      36,
      0.01007
    ],
    [
      37,
      0.00944
    ],
    [
      38,
      0.0094
    ],
    [
      39,
      0.00809
    ],
    [
      40,
      0.00731
    ],
    [
      41,
      0.00712
    ],
    [
      42,
      0.00777
    ],
    [
      43,
      0.00728
    ],
    [
      44,
      0.00729
    ],
    [
      45,
      0.00726
    ],
    [
      46,
      0.00643
    ],
    [
      47,
      0.00594
    ],
    [
      48,
      0.0054
    ],
    [
      49,
      0.00515
    ],
    [
      50,
      0.00514
    ],
    [
      51,
      0.00524
    ],
    [
      52,
      0.00484
    ],
    [
      53,
      0.0051
    ],
    [
      54,
      0.00589
    ],
    [
      55,
      0.0053
    ],
    [
      56,
      0.00455
    ],
    [
      57,
      0.00504
    ],
    [
      58,
      0.00478
    ],
    [
      59,
      0.00465
    ],
    [
      60,
      0.00389
    ],
    [
      61,
      0.00366
    ],
    [
      62,
      0.00444
    ],
    [
      63,
      0.00368
    ],
    [
      64,
      0.00365
    ],
    [
      65,
      0.00349
    ],
    [
      66,
      0.00328
    ],
    [
      67,
      0.0033
    ],
    [
      68,
      0.003
    ],
    [
      69,
      0.00307
    ],
    [
      70,
      0.00365
    ],
    [
      71,
      0.00338
    ],
    [
      72,
      0.00288
    ],
    [
      73,
      0.00252
    ],
    [
      74,
      0.00261
    ],
    [
      75,
      0.00264
    ],
    [
      76,
      0.00246
    ],
    [
      77,
      0.0024
    ],
    [
      78,
      0.00258
    ],
    [
      79,
      0.00254
    ],
    [
      80,
      0.00251
    ],
    [
      81,
      0.00256
    ],
    [
      82,
      0.00256
    ],
    [
      83,
      0.00251
    ],
    [
      84,
      0.00272
    ],
    [
      85,
      0.00278
    ],
    [
      86,
      0.00253
    ],
    [
      87,
      0.00227
    ],
    [
      88,
      0.00217
    ],
    [
      89,
      0.00225
    ],
    [
      90,
      0.00193
    ],
    [
      91,
      0.00209
    ],
    [
      92,
      0.00198
    ],
    [
      93,
      0.0021
    ],
    [
      94,
      0.00201
    ],
    [
      95,
      0.00177
    ],
    [
      96,
      0.00166
    ],
    [
      97,
      0.00155
    ],
    [
      98,
      0.00175
    ],
    [
      99,
      0.00168
    ],
    [
      100,
      0.00169
    ]
  ],
  "acc": [
    [
      1,
      0.43047
    ],
    [
      2,
      0.51434
    ],
    [
      3,
      0.54344
    ],
    [
      4,
      0.5569
    ],
    [
      5,
      0.55559
    ],
    [
      6,
      0.30045
    ],
    [
      7,
      0.31265
    ],
    [
      8,
      0.31522
    ],
    [
      9,
      0.31948
    ],
    [
      10,
      0.32116
    ],
    [
      11,
      0.32129
    ],
    [
      12,
      0.32012
    ],
    [
      13,
      0.32217
    ],
    [
      14,
      0.32016
    ],
    [
      15,
      0.32097
    ],
    [
      16,
      0.32175
    ],
    [
      17,
      0.32329
    ],
    [
      18,
      0.32256
    ],
    [
      19,
      0.3252
    ],
    [
      20,
      0.32354
    ],
    [
      21,
      0.32585
    ],
    [
      22,
      0.32669
    ],
    [
      23,
      0.32606
    ],
    [
      24,
      0.32608
    ],
    [
      25,
      0.32606
    ],
    [
      26,
      0.32716
    ],
    [
      27,
      0.32739
    ],
    [
      28,
      0.32646
    ],
    [
      29,
      0.32545
    ],
    [
      30,
      0.32489
    ],
    [
      31,
      0.32516
    ],
    [
      32,
      0.32393
    ],
    [
      33,
      0.32712
    ],
    [
      34,
      0.32598
    ],
    [
      35,
      0.32743
    ],
    [
      36,
      0.32799
    ],
    [
      37,
      0.33099
    ],
    [
      38,
      0.32991
    ],
    [
      39,
      0.32802
    ],
    [
      40,
      0.32898
    ],
    [
      41,
      0.32977
    ],
    [
      42,
      0.33236
    ],
    [
      43,
      0.33156
    ],
    [
      44,
      0.33262
    ],
    [
      45,
      0.33184
    ],
    [
      46,
      0.33236
    ],
    [
      47,
      0.33274
    ],
    [
      48,
      0.33145
    ],
    [
      49,
      0.33126
    ],
    [
      50,
      0.33118
    ],
    [
      51,
      0.33362
    ],
    [
      52,
      0.33104
    ],
    [
      53,
      0.33391
    ],
    [
      54,
      0.3336
    ],
    [
      55,
      0.33226
    ],
    [
      56,
      0.33317
    ],
    [
      57,
      0.33342
    ],
    [
      58,
      0.33304
    ],
    [
      59,
      0.33012
    ],
    [
      60,
      0.33142
    ],
    [
      61,
      0.33013
    ],
    [
      62,
      0.33132
    ],
    [
      63,
      0.33241
    ],
    [
      64,
      0.33462
    ],
    [
      65,
      0.33366
    ],
    [
      66,
      0.33378
    ],
    [
      67,
      0.33476
    ],
    [
      68,
      0.33387
    ],
    [
      69,
      0.33267
    ],
    [
      70,
      0.33393
    ],
    [
      71,
      0.33359
    ],
    [
      72,
      0.33499
    ],
    [
      73,
      0.33506
    ],
    [
      74,
      0.33495
    ],
    [
      75,
      0.33544
    ],
    [
      76,
      0.33819
    ],
    [
      77,
      0.33776
    ],
    [
      78,
      0.33835
    ],
    [
      79,
      0.33981
    ],
    [
      80,
      0.34012
    ],
    [
      81,
      0.33926
    ],
    [
      82,
      0.33796
    ],
    [
      83,
      0.33779
    ],
    [
      84,
      0.33748
    ],
    [
      85,
      0.33784
    ],
    [
      86,
      0.33706
    ],
    [
      87,
      0.33748
    ],
    [
      88,
      0.33509
    ],
    [
      89,
      0.33867
    ],
    [
      90,
      0.33827
    ],
    [
      91,
      0.33934
    ],
    [
      92,
      0.33689
    ],
    [
      93,
      0.33677
    ],
    [
      94,
      0.3379
    ],
    [
      95,
      0.33826
    ],
    [
      96,
      0.33773
    ],
    [
      97,
      0.33711
    ],
    [
      98,
      0.33598
    ],
    [
      99,
      0.33742
    ],
    [
      100,
      0.33644
    ]
  ],
  "lr": [
    [
      1,
      0.001
    ],
    [
      2,
      0.00098
    ],
    [
      3,
      0.00095
    ],
    [
      4,
      0.00093
    ],
    [
      5,
      0.00091
    ],
    [
      6,
      0.00089
    ],
    [
      7,
      0.00087
    ],
    [
      8,
      0.00085
    ],
    [
      9,
      0.00083
    ],
    [
      10,
      0.00081
    ],
    [
      11,
      0.00079
    ],
    [
      12,
      0.00078
    ],
    [
      13,
      0.00076
    ],
    [
      14,
      0.00074
    ],
    [
      15,
      0.00072
    ],
    [
      16,
      0.00071
    ],
    [
      17,
      0.00069
    ],
    [
      18,
      0.00068
    ],
    [
      19,
      0.00066
    ],
    [
      20,
      0.00065
    ],
    [
      21,
      0.00063
    ],
    [
      22,
      0.00062
    ],
    [
      23,
      0.0006
    ],
    [
      24,
      0.00059
    ],
    [
      25,
      0.00058
    ],
    [
      26,
      0.00056
    ],
    [
      27,
      0.00055
    ],
    [
      28,
      0.00054
    ],
    [
      29,
      0.00052
    ],
    [
      30,
      0.00051
    ],
    [
      31,
      0.0005
    ],
    [
      32,
      0.00049
    ],
    [
      33,
      0.00048
    ],
    [
      34,
      0.00047
    ],
    [
      35,
      0.00046
    ],
    [
      36,
      0.00045
    ],
    [
      37,
      0.00044
    ],
    [
      38,
      0.00043
    ],
    [
      39,
      0.00042
    ],
    [
      40,
      0.00041
    ],
    [
      41,
      0.0004
    ],
    [
      42,
      0.00039
    ],
    [
      43,
      0.00038
    ],
    [
      44,
      0.00037
    ],
    [
      45,
      0.00036
    ],
    [
      46,
      0.00035
    ],
    [
      47,
      0.00035
    ],
    [
      48,
      0.00034
    ],
    [
      49,
      0.00033
    ],
    [
      50,
      0.00032
    ],
    [
      51,
      0.00032
    ],
    [
      52,
      0.00031
    ],
    [
      53,
      0.0003
    ],
    [
      54,
      0.0003
    ],
    [
      55,
      0.00029
    ],
    [
      56,
      0.00028
    ],
    [
      57,
      0.00028
    ],
    [
      58,
      0.00027
    ],
    [
      59,
      0.00026
    ],
    [
      60,
      0.00026
    ],
    [
      61,
      0.00025
    ],
    [
      62,
      0.00025
    ],
    [
      63,
      0.00024
    ],
    [
      64,
      0.00023
    ],
    [
      65,
      0.00023
    ],
    [
      66,
      0.00022
    ],
    [
      67,
      0.00022
    ],
    [
      68,
      0.00021
    ],
    [
      69,
      0.00021
    ],
    [
      70,
      0.0002
    ],
    [
      71,
      0.0002
    ],
    [
      72,
      0.00019
    ],
    [
      73,
      0.00019
    ],
    [
      74,
      0.00019
    ],
    [
      75,
      0.00018
    ],
    [
      76,
      0.00018
    ],
    [
      77,
      0.00017
    ],
    [
      78,
      0.00017
    ],
    [
      79,
      0.00017
    ],
    [
      80,
      0.00016
    ],
    [
      81,
      0.00016
    ],
    [
      82,
      0.00015
    ],
    [
      83,
      0.00015
    ],
    [
      84,
      0.00015
    ],
    [
      85,
      0.00014
    ],
    [
      86,
      0.00014
    ],
    [
      87,
      0.00014
    ],
    [
      88,
      0.00013
    ],
    [
      89,
      0.00013
    ],
    [
      90,
      0.00013
    ],
    [
      91,
      0.00013
    ],
    [
      92,
      0.00012
    ],
    [
      93,
      0.00012
    ],
    [
      94,
      0.00012
    ],
    [
      95,
      0.00011
    ],
    [
      96,
      0.00011
    ],
    [
      97,
      0.00011
    ],
    [
      98,
      0.00011
    ],
    [
      99,
      0.0001
    ],
    [
      100,
      0.0001
    ]
  ],
  "val_acc": [
    [
      10,
      0.99868
    ],
    [
      20,
      0.9697
    ],
    [
      30,
      1.0
    ],
    [
      40,
      1.0
    ],
    [
      50,
      0.96628
    ],
    [
      60,
      1.0
    ],
    [
      70,
      0.9677
    ],
    [
      80,
      1.0
    ],
    [
      90,
      1.0
    ],
    [
      100,
      1.0
    ]
  ],
  "AP_LTR_S": [
    [
      10,
      0.99605
    ],
    [
      20,
      0.90909
    ],
    [
      30,
      1.0
    ],
    [
      40,
      1.0
    ],
    [
      50,
      0.89883
    ],
    [
      60,
      1.0
    ],
    [
      70,
      0.9031
    ],
    [
      80,
      1.0
    ],
    [
      90,
      1.0
    ],
    [
      100,
      1.0
    ]
  ],
  "AP_LTR_H": [
    [
      10,
      1.0
    ],
    [
      20,
      1.0
    ],
    [
      30,
      1.0
    ],
    [
      40,
      1.0
    ],
    [
      50,
      1.0
    ],
    [
      60,
      1.0
    ],
    [
      70,
      1.0
    ],
    [
      80,
      1.0
    ],
    [
      90,
      1.0
    ],
    [
      100,
      1.0
    ]
  ],
  "AP_LTR_U": [
    [
      10,
      1.0
    ],
    [
      20,
      1.0
    ],
    [
      30,
      1.0
    ],
    [
      40,
      1.0
    ],
    [
      50,
      1.0
    ],
    [
      60,
      1.0
    ],
    [
      70,
      1.0
    ],
    [
      80,
      1.0
    ],
    [
      90,
      1.0
    ],
    [
      100,
      1.0
    ]
  ],
  "mean": 123.5,
  "std": 58.395,
  "label_type": "detection",
  "data_type": "image",
  "labels": [
    "LTR_S",
    "LTR_H",
    "LTR_U"
  ],
  "best_eval": {
    "epoch": 100,
    "val_acc": 1.0,
    "val_info": [
      {
        "name": "7042219e95f749bb8015442417b85fed.jpg",
        "nickname": "0116000226.jpg",
        "pred": [
          [
            50,
            24,
            174,
            178,
            0.9902396202087402,
            1.0
          ]
        ],
        "gt": [
          [
            42,
            27,
            168,
            178,
            1.0,
            1.0
          ]
        ],
        "ok": true
      },
      {
        "name": "8eced4401e6e4483acc02170edc2fc18.jpg",
        "nickname": "0115232230.jpg",
        "pred": [
          [
            46,
            56,
            138,
            168,
            0.9815277457237244,
            0.0
          ]
        ],
        "gt": [
          [
            49,
            54,
            145,
            172,
            1.0,
            0.0
          ]
        ],
        "ok": true
      },
      {
        "name": "df4dd274fafd44d9b7bd54dc8287c8f8.jpg",
        "nickname": "0115233306.jpg",
        "pred": [
          [
            71,
            26,
            211,
            191,
            0.9938529133796692,
            1.0
          ]
        ],
        "gt": [
          [
            74,
            26,
            214,
            191,
            1.0,
            1.0
          ]
        ],
        "ok": true
      },
      {
        "name": "beb652eea69e428a9d99dc6adcdd47dc.jpg",
        "nickname": "0115233422.jpg",
        "pred": [
          [
            44,
            29,
            153,
            165,
            0.940893828868866,
            1.0
          ]
        ],
        "gt": [
          [
            46,
            22,
            149,
            157,
            1.0,
            1.0
          ]
        ],
        "ok": true
      },
      {
        "name": "0d22c53bd4c2499db7937f10d13dba3c.jpg",
        "nickname": "0115231619.jpg",
        "pred": [
          [
            29,
            27,
            152,
            176,
            0.9898021221160889,
            0.0
          ]
        ],
        "gt": [
          [
            33,
            29,
            150,
            174,
            1.0,
            0.0
          ]
        ],
        "ok": true
      },
      {
        "name": "19c11ea1209e436aa6ceb71e6225813b.jpg",
        "nickname": "0116001521.jpg",
        "pred": [
          [
            48,
            21,
            187,
            186,
            0.9900341033935547,
            2.0
          ]
        ],
        "gt": [
          [
            47,
            23,
            183,
            185,
            1.0,
            2.0
          ]
        ],
        "ok": true
      },
      {
        "name": "e02918446d8747d9b11ce9d8bf6e6537.jpg",
        "nickname": "0116004508.jpg",
        "pred": [
          [
            21,
            20,
            114,
            150,
            0.983492374420166,
            2.0
          ]
        ],
        "gt": [
          [
            19,
            19,
            110,
            145,
            1.0,
            2.0
          ]
        ],
        "ok": true
      },
      {
        "name": "8da10c71ddba4091b5d06df00c69b412.jpg",
        "nickname": "0115231620.jpg",
        "pred": [
          [
            19,
            30,
            127,
            174,
            0.9859873652458191,
            0.0
          ]
        ],
        "gt": [
          [
            19,
            35,
            128,
            169,
            1.0,
            0.0
          ]
        ],
        "ok": true
      },
      {
        "name": "d6ba2dabbd564ae0a869ca521842b84e.jpg",
        "nickname": "0116001812.jpg",
        "pred": [
          [
            85,
            44,
            187,
            172,
            0.9895472526550293,
            2.0
          ]
        ],
        "gt": [
          [
            84,
            43,
            189,
            171,
            1.0,
            2.0
          ]
        ],
        "ok": true
      }
    ]
  }
}