{
  "anchors": [
    2.06,
    2.62,
    3.06,
    3.91,
    4.38,
    5.34,
    2.53,
    3.16,
    3.59,
    4.53
  ],
  "inputs": {
    "input0": [
      224,
      224,
      3
    ]
  },
  "outputs": {
    "output0": [
      7,
      7,
      40
    ]
  },
  "params_quantity": 1863736,
  "loss": [
    [
      1,
      0.4611
    ],
    [
      2,
      0.42038
    ],
    [
      3,
      0.61231
    ],
    [
      4,
      0.53382
    ],
    [
      5,
      0.39443
    ],
    [
      6,
      0.64726
    ],
    [
      7,
      0.07456
    ],
    [
      8,
      0.0475
    ],
    [
      9,
      0.04138
    ],
    [
      10,
      0.03792
    ],
    [
      11,
      0.0305
    ],
    [
      12,
      0.02892
    ],
    [
      13,
      0.02782
    ],
    [
      14,
      0.02438
    ],
    [
      15,
      0.02485
    ],
    [
      16,
      0.02295
    ],
    [
      17,
      0.01994
    ],
    [
      18,
      0.02056
    ],
    [
      19,
      0.01902
    ],
    [
      20,
      0.01728
    ],
    [
      21,
      0.0173
    ],
    [
      22,
      0.01624
    ],
    [
      23,
      0.01469
    ],
    [
      24,
      0.01463
    ],
    [
      25,
      0.0138
    ],
    [
      26,
      0.01263
    ],
    [
      27,
      0.01241
    ],
    [
      28,
      0.0112
    ],
    [
      29,
      0.01179
    ],
    [
      30,
      0.01141
    ],
    [
      31,
      0.0132
    ],
    [
      32,
      0.01057
    ],
    [
      33,
      0.00932
    ],
    [
      34,
      0.00912
    ],
    [
      35,
      0.00851
    ],
    [
      36,
      0.00931
    ],
    [
      37,
      0.00912
    ],
    [
      38,
      0.00871
    ],
    [
      39,
      0.00793
    ],
    [
      40,
      0.00818
    ],
    [
      41,
      0.007
    ],
    [
      42,
      0.00784
    ],
    [
      43,
      0.00692
    ],
    [
      44,
      0.00681
    ],
    [
      45,
      0.00753
    ],
    [
      46,
      0.00641
    ],
    [
      47,
      0.00627
    ],
    [
      48,
      0.00585
    ],
    [
      49,
      0.00589
    ],
    [
      50,
      0.00537
    ],
    [
      51,
      0.0057
    ],
    [
      52,
      0.00621
    ],
    [
      53,
      0.00603
    ],
    [
      54,
      0.00626
    ],
    [
      55,
      0.00529
    ],
    [
      56,
      0.00496
    ],
    [
      57,
      0.00501
    ],
    [
      58,
      0.00583
    ],
    [
      59,
      0.005
    ],
    [
      60,
      0.00491
    ],
    [
      61,
      0.00443
    ],
    [
      62,
      0.00429
    ],
    [
      63,
      0.00404
    ],
    [
      64,
      0.00357
    ],
    [
      65,
      0.00359
    ],
    [
      66,
      0.00391
    ],
    [
      67,
      0.00372
    ],
    [
      68,
      0.00355
    ],
    [
      69,
      0.0033
    ],
    [
      70,
      0.00351
    ],
    [
      71,
      0.00327
    ],
    [
      72,
      0.00324
    ],
    [
      73,
      0.00315
    ],
    [
      74,
      0.00314
    ],
    [
      75,
      0.00305
    ],
    [
      76,
      0.00293
    ],
    [
      77,
      0.00286
    ],
    [
      78,
      0.00289
    ],
    [
      79,
      0.00283
    ],
    [
      80,
      0.00265
    ],
    [
      81,
      0.00285
    ],
    [
      82,
      0.00248
    ],
    [
      83,
      0.00261
    ],
    [
      84,
      0.00255
    ],
    [
      85,
      0.00224
    ],
    [
      86,
      0.00239
    ],
    [
      87,
      0.0024
    ],
    [
      88,
      0.00262
    ],
    [
      89,
      0.00242
    ],
    [
      90,
      0.00227
    ],
    [
      91,
      0.00253
    ],
    [
      92,
      0.00214
    ],
    [
      93,
      0.0022
    ],
    [
      94,
      0.00196
    ],
    [
      95,
      0.0021
    ],
    [
      96,
      0.00213
    ],
    [
      97,
      0.00201
    ],
    [
      98,
      0.0019
    ],
    [
      99,
      0.00184
    ],
    [
      100,
      0.00193
    ]
  ],
  "acc": [
    [
      1,
      0.44811
    ],
    [
      2,
      0.53159
    ],
    [
      3,
      0.55376
    ],
    [
      4,
      0.55355
    ],
    [
      5,
      0.54134
    ],
    [
      6,
      0.48121
    ],
    [
      7,
      0.46355
    ],
    [
      8,
      0.45448
    ],
    [
      9,
      0.45747
    ],
    [
      10,
      0.45912
    ],
    [
      11,
      0.45926
    ],
    [
      12,
      0.45999
    ],
    [
      13,
      0.46135
    ],
    [
      14,
      0.4619
    ],
    [
      15,
      0.46028
    ],
    [
      16,
      0.46171
    ],
    [
      17,
      0.4638
    ],
    [
      18,
      0.4626
    ],
    [
      19,
      0.46388
    ],
    [
      20,
      0.46529
    ],
    [
      21,
      0.46432
    ],
    [
      22,
      0.46496
    ],
    [
      23,
      0.46541
    ],
    [
      24,
      0.46827
    ],
    [
      25,
      0.46806
    ],
    [
      26,
      0.46774
    ],
    [
      27,
      0.46815
    ],
    [
      28,
      0.46568
    ],
    [
      29,
      0.4669
    ],
    [
      30,
      0.46918
    ],
    [
      31,
      0.4691
    ],
    [
      32,
      0.46756
    ],
    [
      33,
      0.4652
    ],
    [
      34,
      0.4644
    ],
    [
      35,
      0.46477
    ],
    [
      36,
      0.46807
    ],
    [
      37,
      0.46871
    ],
    [
      38,
      0.47031
    ],
    [
      39,
      0.4683
    ],
    [
      40,
      0.4689
    ],
    [
      41,
      0.46897
    ],
    [
      42,
      0.46748
    ],
    [
      43,
      0.47042
    ],
    [
      44,
      0.46968
    ],
    [
      45,
      0.47215
    ],
    [
      46,
      0.47176
    ],
    [
      47,
      0.47147
    ],
    [
      48,
      0.4734
    ],
    [
      49,
      0.47227
    ],
    [
      50,
      0.4735
    ],
    [
      51,
      0.47714
    ],
    [
      52,
      0.47711
    ],
    [
      53,
      0.47612
    ],
    [
      54,
      0.47582
    ],
    [
      55,
      0.47583
    ],
    [
      56,
      0.47597
    ],
    [
      57,
      0.47846
    ],
    [
      58,
      0.47725
    ],
    [
      59,
      0.47883
    ],
    [
      60,
      0.47705
    ],
    [
      61,
      0.4796
    ],
    [
      62,
      0.47969
    ],
    [
      63,
      0.4804
    ],
    [
      64,
      0.48034
    ],
    [
      65,
      0.47971
    ],
    [
      66,
      0.47855
    ],
    [
      67,
      0.48127
    ],
    [
      68,
      0.48369
    ],
    [
      69,
      0.48312
    ],
    [
      70,
      0.48418
    ],
    [
      71,
      0.48468
    ],
    [
      72,
      0.48361
    ],
    [
      73,
      0.48527
    ],
    [
      74,
      0.48253
    ],
    [
      75,
      0.48379
    ],
    [
      76,
      0.48254
    ],
    [
      77,
      0.48317
    ],
    [
      78,
      0.48263
    ],
    [
      79,
      0.48325
    ],
    [
      80,
      0.48432
    ],
    [
      81,
      0.48613
    ],
    [
      82,
      0.48587
    ],
    [
      83,
      0.48672
    ],
    [
      84,
      0.48522
    ],
    [
      85,
      0.48488
    ],
    [
      86,
      0.48569
    ],
    [
      87,
      0.48541
    ],
    [
      88,
      0.48452
    ],
    [
      89,
      0.48484
    ],
    [
      90,
      0.4821
    ],
    [
      91,
      0.48345
    ],
    [
      92,
      0.48398
    ],
    [
      93,
      0.48507
    ],
    [
      94,
      0.48454
    ],
    [
      95,
      0.48423
    ],
    [
      96,
      0.48338
    ],
    [
      97,
      0.48415
    ],
    [
      98,
      0.48429
    ],
    [
      99,
      0.48516
    ],
    [
      100,
      0.48626
    ]
  ],
  "lr": [
    [
      1,
      0.001
    ],
    [
      2,
      0.00098
    ],
    [
      3,
      0.00095
    ],
    [
      4,
      0.00093
    ],
    [
      5,
      0.00091
    ],
    [
      6,
      0.00089
    ],
    [
      7,
      0.00087
    ],
    [
      8,
      0.00085
    ],
    [
      9,
      0.00083
    ],
    [
      10,
      0.00081
    ],
    [
      11,
      0.00079
    ],
    [
      12,
      0.00078
    ],
    [
      13,
      0.00076
    ],
    [
      14,
      0.00074
    ],
    [
      15,
      0.00072
    ],
    [
      16,
      0.00071
    ],
    [
      17,
      0.00069
    ],
    [
      18,
      0.00068
    ],
    [
      19,
      0.00066
    ],
    [
      20,
      0.00065
    ],
    [
      21,
      0.00063
    ],
    [
      22,
      0.00062
    ],
    [
      23,
      0.0006
    ],
    [
      24,
      0.00059
    ],
    [
      25,
      0.00058
    ],
    [
      26,
      0.00056
    ],
    [
      27,
      0.00055
    ],
    [
      28,
      0.00054
    ],
    [
      29,
      0.00052
    ],
    [
      30,
      0.00051
    ],
    [
      31,
      0.0005
    ],
    [
      32,
      0.00049
    ],
    [
      33,
      0.00048
    ],
    [
      34,
      0.00047
    ],
    [
      35,
      0.00046
    ],
    [
      36,
      0.00045
    ],
    [
      37,
      0.00044
    ],
    [
      38,
      0.00043
    ],
    [
      39,
      0.00042
    ],
    [
      40,
      0.00041
    ],
    [
      41,
      0.0004
    ],
    [
      42,
      0.00039
    ],
    [
      43,
      0.00038
    ],
    [
      44,
      0.00037
    ],
    [
      45,
      0.00036
    ],
    [
      46,
      0.00035
    ],
    [
      47,
      0.00035
    ],
    [
      48,
      0.00034
    ],
    [
      49,
      0.00033
    ],
    [
      50,
      0.00032
    ],
    [
      51,
      0.00032
    ],
    [
      52,
      0.00031
    ],
    [
      53,
      0.0003
    ],
    [
      54,
      0.0003
    ],
    [
      55,
      0.00029
    ],
    [
      56,
      0.00028
    ],
    [
      57,
      0.00028
    ],
    [
      58,
      0.00027
    ],
    [
      59,
      0.00026
    ],
    [
      60,
      0.00026
    ],
    [
      61,
      0.00025
    ],
    [
      62,
      0.00025
    ],
    [
      63,
      0.00024
    ],
    [
      64,
      0.00023
    ],
    [
      65,
      0.00023
    ],
    [
      66,
      0.00022
    ],
    [
      67,
      0.00022
    ],
    [
      68,
      0.00021
    ],
    [
      69,
      0.00021
    ],
    [
      70,
      0.0002
    ],
    [
      71,
      0.0002
    ],
    [
      72,
      0.00019
    ],
    [
      73,
      0.00019
    ],
    [
      74,
      0.00019
    ],
    [
      75,
      0.00018
    ],
    [
      76,
      0.00018
    ],
    [
      77,
      0.00017
    ],
    [
      78,
      0.00017
    ],
    [
      79,
      0.00017
    ],
    [
      80,
      0.00016
    ],
    [
      81,
      0.00016
    ],
    [
      82,
      0.00015
    ],
    [
      83,
      0.00015
    ],
    [
      84,
      0.00015
    ],
    [
      85,
      0.00014
    ],
    [
      86,
      0.00014
    ],
    [
      87,
      0.00014
    ],
    [
      88,
      0.00013
    ],
    [
      89,
      0.00013
    ],
    [
      90,
      0.00013
    ],
    [
      91,
      0.00013
    ],
    [
      92,
      0.00012
    ],
    [
      93,
      0.00012
    ],
    [
      94,
      0.00012
    ],
    [
      95,
      0.00011
    ],
    [
      96,
      0.00011
    ],
    [
      97,
      0.00011
    ],
    [
      98,
      0.00011
    ],
    [
      99,
      0.0001
    ],
    [
      100,
      0.0001
    ]
  ],
  "val_acc": [
    [
      10,
      0.93692
    ],
    [
      20,
      1.0
    ],
    [
      30,
      1.0
    ],
    [
      40,
      1.0
    ],
    [
      50,
      1.0
    ],
    [
      60,
      1.0
    ],
    [
      70,
      0.99465
    ],
    [
      80,
      0.99465
    ],
    [
      90,
      0.96435
    ],
    [
      100,
      0.99465
    ]
  ],
  "AP_LTR_U": [
    [
      10,
      1.0
    ],
    [
      20,
      1.0
    ],
    [
      30,
      1.0
    ],
    [
      40,
      1.0
    ],
    [
      50,
      1.0
    ],
    [
      60,
      1.0
    ],
    [
      70,
      1.0
    ],
    [
      80,
      1.0
    ],
    [
      90,
      1.0
    ],
    [
      100,
      1.0
    ]
  ],
  "AP_LTR_S": [
    [
      10,
      0.90909
    ],
    [
      20,
      1.0
    ],
    [
      30,
      1.0
    ],
    [
      40,
      1.0
    ],
    [
      50,
      1.0
    ],
    [
      60,
      1.0
    ],
    [
      70,
      1.0
    ],
    [
      80,
      1.0
    ],
    [
      90,
      0.90909
    ],
    [
      100,
      1.0
    ]
  ],
  "AP_LTR_H": [
    [
      10,
      0.90167
    ],
    [
      20,
      1.0
    ],
    [
      30,
      1.0
    ],
    [
      40,
      1.0
    ],
    [
      50,
      1.0
    ],
    [
      60,
      1.0
    ],
    [
      70,
      0.98396
    ],
    [
      80,
      0.98396
    ],
    [
      90,
      0.98396
    ],
    [
      100,
      0.98396
    ]
  ],
  "mean": 123.5,
  "std": 58.395,
  "label_type": "detection",
  "data_type": "image",
  "labels": [
    "LTR_U",
    "LTR_S",
    "LTR_H"
  ],
  "best_eval": {
    "epoch": 60,
    "val_acc": 1.0,
    "val_info": [
      {
        "name": "f7925b810abf4c65ab648a7e08d63423.jpg",
        "nickname": "0116001951.jpg",
        "pred": [
          [
            122,
            53,
            216,
            167,
            0.994316577911377,
            0.0
          ]
        ],
        "gt": [
          [
            126,
            57,
            211,
            163,
            1.0,
            0.0
          ]
        ],
        "ok": true
      },
      {
        "name": "27e08ff35ad74fa5b2bbd815619627ef.jpg",
        "nickname": "0116000916.jpg",
        "pred": [
          [
            52,
            9,
            170,
            159,
            0.9756722450256348,
            2.0
          ]
        ],
        "gt": [
          [
            51,
            11,
            167,
            158,
            1.0,
            2.0
          ]
        ],
        "ok": true
      },
      {
        "name": "92a2bcc233024d4fa70d1c56cbea913c.jpg",
        "nickname": "0116005042.jpg",
        "pred": [
          [
            50,
            39,
            160,
            175,
            0.9817112684249878,
            0.0
          ]
        ],
        "gt": [
          [
            56,
            41,
            155,
            171,
            1.0,
            0.0
          ]
        ],
        "ok": true
      },
      {
        "name": "fdd625795a3a4d9a8eb14b7212ce4004.jpg",
        "nickname": "0116000842.jpg",
        "pred": [
          [
            34,
            14,
            188,
            194,
            0.9778902530670166,
            2.0
          ]
        ],
        "gt": [
          [
            32,
            15,
            184,
            196,
            1.0,
            2.0
          ]
        ],
        "ok": true
      },
      {
        "name": "da9bc2dc6de649609a569ab220b25f6b.jpg",
        "nickname": "0116001521.jpg",
        "pred": [
          [
            48,
            24,
            174,
            177,
            0.974277138710022,
            0.0
          ]
        ],
        "gt": [
          [
            45,
            20,
            181,
            182,
            1.0,
            0.0
          ]
        ],
        "ok": true
      },
      {
        "name": "8968918b5e2c4afb81c67396f1841f6d.jpg",
        "nickname": "0115231548.jpg",
        "pred": [
          [
            13,
            40,
            122,
            185,
            0.9763199687004089,
            1.0
          ]
        ],
        "gt": [
          [
            7,
            37,
            127,
            189,
            1.0,
            1.0
          ]
        ],
        "ok": true
      },
      {
        "name": "f86b1802c3de42dd9dd5c1ec30a21388.jpg",
        "nickname": "0115230856.jpg",
        "pred": [
          [
            56,
            24,
            189,
            193,
            0.9862337112426758,
            1.0
          ]
        ],
        "gt": [
          [
            56,
            21,
            183,
            185,
            1.0,
            1.0
          ]
        ],
        "ok": true
      },
      {
        "name": "dc675eda283a434cbbfdee397df7ddd0.jpg",
        "nickname": "0116000330.jpg",
        "pred": [
          [
            83,
            28,
            199,
            173,
            0.9857409000396729,
            2.0
          ]
        ],
        "gt": [
          [
            90,
            31,
            200,
            168,
            1.0,
            2.0
          ]
        ],
        "ok": true
      },
      {
        "name": "77446c319f5349b6863f950120ff022c.jpg",
        "nickname": "0115231007.jpg",
        "pred": [
          [
            129,
            55,
            204,
            149,
            0.990660548210144,
            1.0
          ]
        ],
        "gt": [
          [
            135,
            60,
            199,
            145,
            1.0,
            1.0
          ]
        ],
        "ok": true
      }
    ]
  }
}